sub_id,ses_id,dataset,site,age,gender
sub-NDARINVFAYT4PA6,ses-2YearFollowUpYArm1,ABCD,,11.8,F
sub-NDARINVFAYT4PA6,ses-2YearFollowUpYArm1,ABCD,,11.8,F
sub-NDARINVFYDAK53G,ses-baselineYear1Arm1,ABCD,,10.2,F
sub-NDARINV8XEPPMAY,ses-baselineYear1Arm1,ABCD,,10.8,M
sub-NDARINVF9053E6V,ses-baselineYear1Arm1,ABCD,,9.6,F
sub-NDARINVVKR3UP6G,ses-baselineYear1Arm1,ABCD,,10.5,F
sub-NDARINV1LT8UZYC,ses-4YearFollowUpYArm1,ABCD,,13.2,F
sub-NDARINV1LT8UZYC,ses-4YearFollowUpYArm1,ABCD,,13.2,F
sub-NDARINV533LX1UY,ses-2YearFollowUpYArm1,ABCD,,11.9,M
sub-NDARINV533LX1UY,ses-baselineYear1Arm1,ABCD,,9.8,M
sub-NDARINV533LX1UY,ses-2YearFollowUpYArm1,ABCD,,11.9,M
sub-NDARINV533LX1UY,ses-baselineYear1Arm1,ABCD,,9.8,M
sub-NDARINV6W30KJMZ,ses-baselineYear1Arm1,ABCD,,9.3,M
sub-NDARINV6W30KJMZ,ses-baselineYear1Arm1,ABCD,,9.3,M
sub-NDARINV6KM1LGCB,ses-baselineYear1Arm1,ABCD,,10.9,M
sub-NDARINV6KM1LGCB,ses-baselineYear1Arm1,ABCD,,10.9,M
sub-NDARINVFXLHXVKE,ses-baselineYear1Arm1,ABCD,,9.8,F
sub-NDARINVA928P6B7,ses-baselineYear1Arm1,ABCD,,9.1,F
sub-NDARINVA928P6B7,ses-baselineYear1Arm1,ABCD,,9.1,F
sub-NDARINVFXLHXVKE,ses-baselineYear1Arm1,ABCD,,9.8,F
sub-NDARINVN5VGRRXB,ses-baselineYear1Arm1,ABCD,,10.5,F
sub-NDARINVN5VGRRXB,ses-baselineYear1Arm1,ABCD,,10.5,F
sub-NDARINVVTV39VRA,ses-2YearFollowUpYArm1,ABCD,,11.8,F
sub-NDARINVVTV39VRA,ses-2YearFollowUpYArm1,ABCD,,11.8,F
sub-NDARINVRZTG711F,ses-baselineYear1Arm1,ABCD,,9.8,F
sub-NDARINVWE96D8HC,ses-2YearFollowUpYArm1,ABCD,,12.9,M
sub-NDARINVWE96D8HC,ses-2YearFollowUpYArm1,ABCD,,12.9,M
sub-NDARINVRZTG711F,ses-baselineYear1Arm1,ABCD,,9.8,F
sub-NDARINVABCY2GG6,ses-baselineYear1Arm1,ABCD,,10.2,M
sub-NDARINVABCY2GG6,ses-baselineYear1Arm1,ABCD,,10.2,M
sub-NDARINVBW17AA1F,ses-baselineYear1Arm1,ABCD,,9.4,M
sub-NDARINVK8G0M5HW,ses-2YearFollowUpYArm1,ABCD,,12.1,F
sub-NDARINVK8G0M5HW,ses-2YearFollowUpYArm1,ABCD,,12.1,F
sub-NDARINVBW17AA1F,ses-baselineYear1Arm1,ABCD,,9.4,M
sub-NDARINV7ZEYLEV6,ses-2YearFollowUpYArm1,ABCD,,12.9,F
sub-NDARINV7TB8096T,ses-4YearFollowUpYArm1,ABCD,,14.8,M
sub-NDARINVLP8Z7WGG,ses-4YearFollowUpYArm1,ABCD,,14.8,M
sub-NDARINVLP8Z7WGG,ses-4YearFollowUpYArm1,ABCD,,14.8,M
sub-NDARINVM2KHVT0W,ses-baselineYear1Arm1,ABCD,,9.2,F
sub-NDARINV7TB8096T,ses-4YearFollowUpYArm1,ABCD,,14.8,M
sub-NDARINVM2KHVT0W,ses-baselineYear1Arm1,ABCD,,9.2,F
sub-NDARINV87T95RHP,ses-4YearFollowUpYArm1,ABCD,,13.6,M
sub-NDARINV87T95RHP,ses-4YearFollowUpYArm1,ABCD,,13.6,M
sub-NDARINV7ZEYLEV6,ses-2YearFollowUpYArm1,ABCD,,12.9,F
sub-NDARINVDZLD38UM,ses-baselineYear1Arm1,ABCD,,9.8,F
sub-NDARINVDZLD38UM,ses-baselineYear1Arm1,ABCD,,9.8,F
sub-NDARINV6UU2L6YJ,ses-4YearFollowUpYArm1,ABCD,,13.6,F
sub-NDARINVFAB59JPF,ses-baselineYear1Arm1,ABCD,,9.1,M
sub-NDARINV6UU2L6YJ,ses-4YearFollowUpYArm1,ABCD,,13.6,F
sub-NDARINVFAB59JPF,ses-baselineYear1Arm1,ABCD,,9.1,M
sub-NDARINV7G30XLFU,ses-baselineYear1Arm1,ABCD,,9.0,F
sub-NDARINVPHMZV0N7,ses-baselineYear1Arm1,ABCD,,10.8,M
sub-NDARINVPHMZV0N7,ses-baselineYear1Arm1,ABCD,,10.8,M
sub-NDARINV7G30XLFU,ses-baselineYear1Arm1,ABCD,,9.0,F
sub-NDARINVVKR3UP6G,ses-baselineYear1Arm1,ABCD,,10.5,F
sub-NDARINV9Z9HRUM9,ses-2YearFollowUpYArm1,ABCD,,11.7,M
sub-NDARINVFYDAK53G,ses-baselineYear1Arm1,ABCD,,10.2,F
sub-NDARINVWBPRXX2G,ses-2YearFollowUpYArm1,ABCD,,11.0,M
sub-NDARINV9Z9HRUM9,ses-2YearFollowUpYArm1,ABCD,,11.7,M
sub-NDARINV8TWNRCGG,ses-4YearFollowUpYArm1,ABCD,,14.7,F
sub-NDARINVF9053E6V,ses-baselineYear1Arm1,ABCD,,9.6,F
sub-NDARINV8XEPPMAY,ses-baselineYear1Arm1,ABCD,,10.8,M
sub-NDARINV8TWNRCGG,ses-4YearFollowUpYArm1,ABCD,,14.7,F
sub-NDARINVZXF5C635,ses-2YearFollowUpYArm1,ABCD,,12.2,F
sub-NDARINVZXF5C635,ses-4YearFollowUpYArm1,ABCD,,14.3,F
sub-NDARINVZXF5C635,ses-baselineYear1Arm1,ABCD,,10.3,F
sub-NDARINVB14DZFG7,ses-4YearFollowUpYArm1,ABCD,,13.3,F
sub-NDARINVB14AY6F8,ses-2YearFollowUpYArm1,ABCD,,11.1,M
sub-NDARINVB14DZFG7,ses-baselineYear1Arm1,ABCD,,9.2,F
sub-NDARINVB14AY6F8,ses-baselineYear1Arm1,ABCD,,9.0,M
sub-NDARINVB14AY6F8,ses-2YearFollowUpYArm1,ABCD,,11.1,M
sub-NDARINVWBPRXX2G,ses-2YearFollowUpYArm1,ABCD,,11.0,M
sub-NDARINVB14DZFG7,ses-4YearFollowUpYArm1,ABCD,,13.3,F
sub-NDARINVB14AY6F8,ses-baselineYear1Arm1,ABCD,,9.0,M
sub-NDARINVB14DZFG7,ses-baselineYear1Arm1,ABCD,,9.2,F
sub-NDARINVCD3GLYXK,ses-baselineYear1Arm1,ABCD,,9.2,F
sub-NDARINVMRUCJEH2,ses-2YearFollowUpYArm1,ABCD,,12.8,F
sub-NDARINVMRUCJEH2,ses-4YearFollowUpYArm1,ABCD,,15.3,F
sub-NDARINVMRUCJEH2,ses-4YearFollowUpYArm1,ABCD,,15.3,F
sub-NDARINVCD3GLYXK,ses-baselineYear1Arm1,ABCD,,9.2,F
sub-NDARINVMRUCJEH2,ses-2YearFollowUpYArm1,ABCD,,12.8,F
sub-NDARINVZXF5C635,ses-2YearFollowUpYArm1,ABCD,,12.2,F
sub-NDARINVZXF5C635,ses-4YearFollowUpYArm1,ABCD,,14.3,F
sub-NDARINVZXF5C635,ses-baselineYear1Arm1,ABCD,,10.3,F
sub-NDARINVN3AV35WW,ses-baselineYear1Arm1,ABCD,,10.8,M
sub-NDARINVDD4736KA,ses-baselineYear1Arm1,ABCD,,9.0,M
sub-NDARINVN3AV35WW,ses-baselineYear1Arm1,ABCD,,10.8,M
sub-NDARINVDD4736KA,ses-baselineYear1Arm1,ABCD,,9.0,M
sub-NDARINVT0HER3DK,ses-baselineYear1Arm1,ABCD,,10.8,M
sub-NDARINVRGLBEBD1,ses-2YearFollowUpYArm1,ABCD,,12.8,M
sub-NDARINVT0HER3DK,ses-baselineYear1Arm1,ABCD,,10.8,M
sub-NDARINVRGLBEBD1,ses-2YearFollowUpYArm1,ABCD,,12.8,M
sub-NDARINVX192FE67,ses-baselineYear1Arm1,ABCD,,10.9,M
sub-NDARINV42J1GB3Y,ses-2YearFollowUpYArm1,ABCD,,11.7,F
sub-NDARINV42J1GB3Y,ses-4YearFollowUpYArm1,ABCD,,13.5,F
sub-NDARINV42J1GB3Y,ses-baselineYear1Arm1,ABCD,,9.6,F
sub-NDARINV42J1GB3Y,ses-4YearFollowUpYArm1,ABCD,,13.5,F
sub-NDARINV42J1GB3Y,ses-baselineYear1Arm1,ABCD,,9.6,F
sub-NDARINV2DYU5KZK,ses-2YearFollowUpYArm1,ABCD,,11.8,M
sub-NDARINV2DYU5KZK,ses-baselineYear1Arm1,ABCD,,9.7,M
sub-NDARINVWR1VYFBV,ses-2YearFollowUpYArm1,ABCD,,12.0,M
sub-NDARINV42J1GB3Y,ses-2YearFollowUpYArm1,ABCD,,11.7,F
sub-NDARINVWR1VYFBV,ses-2YearFollowUpYArm1,ABCD,,12.0,M
sub-NDARINVX192FE67,ses-baselineYear1Arm1,ABCD,,10.9,M
sub-NDARINVL4W6Z6C0,ses-4YearFollowUpYArm1,ABCD,,13.7,F
sub-NDARINV6AYFVDEM,ses-baselineYear1Arm1,ABCD,,10.2,M
sub-NDARINV8NVCJ0FX,ses-baselineYear1Arm1,ABCD,,10.0,F
sub-NDARINV8JT1BA75,ses-baselineYear1Arm1,ABCD,,10.8,F
sub-NDARINVL4W6Z6C0,ses-4YearFollowUpYArm1,ABCD,,13.7,F
sub-NDARINV9NAL2XKV,ses-baselineYear1Arm1,ABCD,,9.4,F
sub-NDARINV8JT1BA75,ses-2YearFollowUpYArm1,ABCD,,12.7,F
sub-NDARINVAYHAR3EY,ses-2YearFollowUpYArm1,ABCD,,13.1,M
sub-NDARINVBZ1YG32T,ses-4YearFollowUpYArm1,ABCD,,15.0,M
sub-NDARINVAYHAR3EY,ses-2YearFollowUpYArm1,ABCD,,13.1,M
sub-NDARINV9NAL2XKV,ses-baselineYear1Arm1,ABCD,,9.4,F
sub-NDARINVAYHAR3EY,ses-4YearFollowUpYArm1,ABCD,,15.2,M
sub-NDARINVBZ1YG32T,ses-4YearFollowUpYArm1,ABCD,,15.0,M
sub-NDARINVAYHAR3EY,ses-4YearFollowUpYArm1,ABCD,,15.2,M
sub-NDARINVG86EJHZD,ses-baselineYear1Arm1,ABCD,,10.2,M
sub-NDARINVG86EJHZD,ses-baselineYear1Arm1,ABCD,,10.2,M
sub-NDARINVH1JMR2EA,ses-2YearFollowUpYArm1,ABCD,,10.8,F
sub-NDARINVFV1BAUYW,ses-2YearFollowUpYArm1,ABCD,,12.8,M
sub-NDARINVHYDABU5J,ses-2YearFollowUpYArm1,ABCD,,11.7,M
sub-NDARINVHYDABU5J,ses-2YearFollowUpYArm1,ABCD,,11.7,M
sub-NDARINVR1Z0W0BH,ses-2YearFollowUpYArm1,ABCD,,12.1,M
sub-NDARINVT1JDV64B,ses-2YearFollowUpYArm1,ABCD,,13.0,M
sub-NDARINVL8XFXVEJ,ses-baselineYear1Arm1,ABCD,,9.0,M
sub-NDARINVR1Z0W0BH,ses-2YearFollowUpYArm1,ABCD,,12.1,M
sub-NDARINVT1JDV64B,ses-2YearFollowUpYArm1,ABCD,,13.0,M
sub-NDARINV2DYU5KZK,ses-baselineYear1Arm1,ABCD,,9.7,M
sub-NDARINVVRDPAL09,ses-baselineYear1Arm1,ABCD,,9.9,M
sub-NDARINV2DYU5KZK,ses-2YearFollowUpYArm1,ABCD,,11.8,M
sub-NDARINVVRDPAL09,ses-baselineYear1Arm1,ABCD,,9.9,M
sub-NDARINV6AYFVDEM,ses-baselineYear1Arm1,ABCD,,10.2,M
sub-NDARINVVWM8LE4C,ses-4YearFollowUpYArm1,ABCD,,13.8,M
sub-NDARINV8JT1BA75,ses-2YearFollowUpYArm1,ABCD,,12.7,F
sub-NDARINV8JT1BA75,ses-baselineYear1Arm1,ABCD,,10.8,F
sub-NDARINV8NVCJ0FX,ses-baselineYear1Arm1,ABCD,,10.0,F
sub-NDARINV2NVERUP6,ses-4YearFollowUpYArm1,ABCD,,14.7,F
sub-NDARINVFV1BAUYW,ses-2YearFollowUpYArm1,ABCD,,12.8,M
sub-NDARINVH1JMR2EA,ses-2YearFollowUpYArm1,ABCD,,10.8,F
sub-NDARINV37E785RU,ses-4YearFollowUpYArm1,ABCD,,13.4,F
sub-NDARINV8BTF3TP9,ses-2YearFollowUpYArm1,ABCD,,11.8,M
sub-NDARINV4MPM83XL,ses-2YearFollowUpYArm1,ABCD,,10.9,M
sub-NDARINV4MPM83XL,ses-4YearFollowUpYArm1,ABCD,,12.9,M
sub-NDARINVL8XFXVEJ,ses-baselineYear1Arm1,ABCD,,9.0,M
sub-NDARINV5U0B0UC3,ses-baselineYear1Arm1,ABCD,,8.9,M
sub-NDARINV8PMAFPCV,ses-baselineYear1Arm1,ABCD,,10.8,F
sub-NDARINV5JMX50MK,ses-baselineYear1Arm1,ABCD,,8.9,F
sub-NDARINV6NLC9UXB,ses-4YearFollowUpYArm1,ABCD,,13.1,M
sub-NDARINV2YVM4TJ6,ses-2YearFollowUpYArm1,ABCD,,11.1,F
sub-NDARINV5JGG99ZM,ses-baselineYear1Arm1,ABCD,,10.9,M
sub-NDARINVEPPVALP0,ses-2YearFollowUpYArm1,ABCD,,11.3,F
sub-NDARINVAWLTFU9P,ses-baselineYear1Arm1,ABCD,,9.7,M
sub-NDARINVEPPVALP0,ses-4YearFollowUpYArm1,ABCD,,13.3,F
sub-NDARINVVWM8LE4C,ses-4YearFollowUpYArm1,ABCD,,13.8,M
sub-NDARINVCGBM7G8T,ses-baselineYear1Arm1,ABCD,,10.9,F
sub-NDARINV2NVERUP6,ses-4YearFollowUpYArm1,ABCD,,14.7,F
sub-NDARINVDULBXX1K,ses-2YearFollowUpYArm1,ABCD,,11.0,F
sub-NDARINVK2YP6EN4,ses-baselineYear1Arm1,ABCD,,9.0,F
sub-NDARINV4MPM83XL,ses-2YearFollowUpYArm1,ABCD,,10.9,M
sub-NDARINV4MPM83XL,ses-4YearFollowUpYArm1,ABCD,,12.9,M
sub-NDARINVMB7HFCAV,ses-4YearFollowUpYArm1,ABCD,,13.8,F
sub-NDARINVEPPVALP0,ses-2YearFollowUpYArm1,ABCD,,11.3,F
sub-NDARINVEPPVALP0,ses-4YearFollowUpYArm1,ABCD,,13.3,F
sub-NDARINVDHJNAJ5Y,ses-baselineYear1Arm1,ABCD,,9.3,F
sub-NDARINV5U0B0UC3,ses-baselineYear1Arm1,ABCD,,8.9,M
sub-NDARINV6NLC9UXB,ses-4YearFollowUpYArm1,ABCD,,13.1,M
sub-NDARINV5JMX50MK,ses-baselineYear1Arm1,ABCD,,8.9,F
sub-NDARINV37E785RU,ses-4YearFollowUpYArm1,ABCD,,13.4,F
sub-NDARINV8PMAFPCV,ses-baselineYear1Arm1,ABCD,,10.8,F
sub-NDARINV8BTF3TP9,ses-2YearFollowUpYArm1,ABCD,,11.8,M
sub-NDARINV5JGG99ZM,ses-baselineYear1Arm1,ABCD,,10.9,M
sub-NDARINVDHJNAJ5Y,ses-baselineYear1Arm1,ABCD,,9.3,F
sub-NDARINV2YVM4TJ6,ses-2YearFollowUpYArm1,ABCD,,11.1,F
sub-NDARINVDULBXX1K,ses-2YearFollowUpYArm1,ABCD,,11.0,F
sub-NDARINVW5T73BJ9,ses-baselineYear1Arm1,ABCD,,9.0,F
sub-NDARINVY1V92JT2,ses-4YearFollowUpYArm1,ABCD,,14.1,M
sub-NDARINVVZ679N9G,ses-2YearFollowUpYArm1,ABCD,,11.8,F
sub-NDARINVAWLTFU9P,ses-baselineYear1Arm1,ABCD,,9.7,M
sub-NDARINVPXYXMXTH,ses-baselineYear1Arm1,ABCD,,9.5,F
sub-NDARINVCGBM7G8T,ses-baselineYear1Arm1,ABCD,,10.9,F
sub-NDARINVMB7HFCAV,ses-4YearFollowUpYArm1,ABCD,,13.8,F
sub-NDARINVNBMXW84N,ses-2YearFollowUpYArm1,ABCD,,10.8,M
sub-NDARINVPXYXMXTH,ses-2YearFollowUpYArm1,ABCD,,11.4,F
sub-NDARINVW5T73BJ9,ses-baselineYear1Arm1,ABCD,,9.0,F
sub-NDARINVMN4MAMYN,ses-4YearFollowUpYArm1,ABCD,,12.8,F
sub-NDARINVMN4MAMYN,ses-baselineYear1Arm1,ABCD,,9.0,F
sub-NDARINVVZ679N9G,ses-2YearFollowUpYArm1,ABCD,,11.8,F
sub-NDARINVPAT718Y8,ses-baselineYear1Arm1,ABCD,,10.0,F
sub-NDARINVC0W9C4R6,ses-4YearFollowUpYArm1,ABCD,,15.2,M
sub-NDARINVLNMK5FAN,ses-baselineYear1Arm1,ABCD,,9.8,F
sub-NDARINVC0W9C4R6,ses-4YearFollowUpYArm1,ABCD,,15.2,M
sub-NDARINVAD9KK8P7,ses-2YearFollowUpYArm1,ABCD,,12.6,M
sub-NDARINV2ZG81XAB,ses-2YearFollowUpYArm1,ABCD,,11.1,M
sub-NDARINVMN4MAMYN,ses-4YearFollowUpYArm1,ABCD,,12.8,F
sub-NDARINVNBMXW84N,ses-2YearFollowUpYArm1,ABCD,,10.8,M
sub-NDARINV2ZG81XAB,ses-2YearFollowUpYArm1,ABCD,,11.1,M
sub-NDARINVMN4MAMYN,ses-baselineYear1Arm1,ABCD,,9.0,F
sub-NDARINV99NA21PA,ses-baselineYear1Arm1,ABCD,,10.2,M
sub-NDARINVPAT718Y8,ses-baselineYear1Arm1,ABCD,,10.0,F
sub-NDARINVPXYXMXTH,ses-2YearFollowUpYArm1,ABCD,,11.4,F
sub-NDARINVPXYXMXTH,ses-baselineYear1Arm1,ABCD,,9.5,F
sub-NDARINV99NA21PA,ses-baselineYear1Arm1,ABCD,,10.2,M
sub-NDARINVAD9KK8P7,ses-2YearFollowUpYArm1,ABCD,,12.6,M
sub-NDARINVK2YP6EN4,ses-baselineYear1Arm1,ABCD,,9.0,F
sub-NDARINV6EVBBMKN,ses-baselineYear1Arm1,ABCD,,9.5,F
sub-NDARINV6EVBBMKN,ses-baselineYear1Arm1,ABCD,,9.5,F
sub-NDARINVLNMK5FAN,ses-baselineYear1Arm1,ABCD,,9.8,F
sub-NDARINVY1V92JT2,ses-4YearFollowUpYArm1,ABCD,,14.1,M
sub-NDARINVFAM4RN2C,ses-baselineYear1Arm1,ABCD,,10.7,F
sub-NDARINVFAM4RN2C,ses-baselineYear1Arm1,ABCD,,10.7,F
sub-NDARINVRPYKZRFL,ses-2YearFollowUpYArm1,ABCD,,11.6,F
sub-NDARINVRPYKZRFL,ses-2YearFollowUpYArm1,ABCD,,11.6,F
sub-NDARINVL1FAK49Y,ses-4YearFollowUpYArm1,ABCD,,13.2,M
sub-NDARINVUJ1389BN,ses-baselineYear1Arm1,ABCD,,10.9,M
sub-NDARINVUJ1389BN,ses-baselineYear1Arm1,ABCD,,10.9,M
sub-NDARINVHEW2AUBP,ses-baselineYear1Arm1,ABCD,,9.2,F
sub-NDARINVHAHA8KEB,ses-baselineYear1Arm1,ABCD,,10.0,M
sub-NDARINVL1FAK49Y,ses-4YearFollowUpYArm1,ABCD,,13.2,M
sub-NDARINVJ2CBCRYX,ses-baselineYear1Arm1,ABCD,,9.2,M
sub-NDARINVJ2CBCRYX,ses-baselineYear1Arm1,ABCD,,9.2,M
sub-NDARINVJZRV5ANP,ses-4YearFollowUpYArm1,ABCD,,14.3,F
sub-NDARINVHEW2AUBP,ses-baselineYear1Arm1,ABCD,,9.2,F
sub-NDARINVNP4AJ4XW,ses-4YearFollowUpYArm1,ABCD,,13.2,M
sub-NDARINVNP4AJ4XW,ses-4YearFollowUpYArm1,ABCD,,13.2,M
sub-NDARINVHAHA8KEB,ses-2YearFollowUpYArm1,ABCD,,12.0,M
sub-NDARINVNP98F2ZZ,ses-baselineYear1Arm1,ABCD,,9.0,M
sub-NDARINVHAHA8KEB,ses-baselineYear1Arm1,ABCD,,10.0,M
sub-NDARINVJZRV5ANP,ses-4YearFollowUpYArm1,ABCD,,14.3,F
sub-NDARINVHAHA8KEB,ses-2YearFollowUpYArm1,ABCD,,12.0,M
sub-NDARINVNP98F2ZZ,ses-baselineYear1Arm1,ABCD,,9.0,M
sub-NDARINVX3LA9YLF,ses-2YearFollowUpYArm1,ABCD,,11.2,M
sub-NDARINVX3LA9YLF,ses-2YearFollowUpYArm1,ABCD,,11.2,M
sub-NDARINV7Y39VTC8,ses-2YearFollowUpYArm1,ABCD,,11.8,F
sub-NDARINV7Y39VTC8,ses-2YearFollowUpYArm1,ABCD,,11.8,F
sub-NDARINVJKEK2N1R,ses-2YearFollowUpYArm1,ABCD,,13.2,M
sub-NDARINVJKEK2N1R,ses-2YearFollowUpYArm1,ABCD,,13.2,M
sub-0051457,ses-01,ABIDE,Caltech,22.9,M
sub-0051458,ses-01,ABIDE,Caltech,39.2,M
sub-0051459,ses-01,ABIDE,Caltech,22.8,M
sub-0051460,ses-01,ABIDE,Caltech,34.6,F
sub-0051461,ses-01,ABIDE,Caltech,37.7,M
sub-0051466,ses-01,ABIDE,Caltech,27.6,M
sub-0051467,ses-01,ABIDE,Caltech,23.4,M
sub-0051470,ses-01,ABIDE,Caltech,29.1,M
sub-0051471,ses-01,ABIDE,Caltech,22.4,F
sub-0051476,ses-01,ABIDE,Caltech,39.3,M
sub-0051481,ses-01,ABIDE,Caltech,27.9,M
sub-0051484,ses-01,ABIDE,Caltech,23.6,M
sub-0051485,ses-01,ABIDE,Caltech,23.9,M
sub-0051486,ses-01,ABIDE,Caltech,22.0,M
sub-0051489,ses-01,ABIDE,Caltech,34.1,M
sub-0051493,ses-01,ABIDE,Caltech,29.2,F
sub-0050642,ses-01,ABIDE,CMU_a,33.0,M
sub-0050647,ses-01,ABIDE,CMU_a,27.0,M
sub-0050649,ses-01,ABIDE,CMU_a,22.0,M
sub-0050654,ses-01,ABIDE,CMU_a,24.0,M
sub-0050656,ses-01,ABIDE,CMU_a,28.0,F
sub-0050659,ses-01,ABIDE,CMU_a,27.0,M
sub-0050660,ses-01,ABIDE,CMU_a,25.0,M
sub-0050665,ses-01,ABIDE,CMU_a,33.0,M
sub-0050666,ses-01,ABIDE,CMU_a,31.0,M
sub-0050668,ses-01,ABIDE,CMU_a,25.0,M
sub-0050648,ses-01,ABIDE,CMU_b,31.0,F
sub-0050650,ses-01,ABIDE,CMU_b,31.0,F
sub-0050651,ses-01,ABIDE,CMU_b,39.0,M
sub-0050652,ses-01,ABIDE,CMU_b,24.0,M
sub-0050655,ses-01,ABIDE,CMU_b,27.0,M
sub-0050658,ses-01,ABIDE,CMU_b,27.0,M
sub-0050667,ses-01,ABIDE,CMU_b,40.0,M
sub-0050669,ses-01,ABIDE,CMU_b,30.0,F
sub-0050682,ses-01,ABIDE,Leuven_1,23.0,M
sub-0050683,ses-01,ABIDE,Leuven_1,24.0,M
sub-0050685,ses-01,ABIDE,Leuven_1,23.0,M
sub-0050687,ses-01,ABIDE,Leuven_1,22.0,M
sub-0050690,ses-01,ABIDE,Leuven_1,22.0,M
sub-0050691,ses-01,ABIDE,Leuven_1,22.0,M
sub-0050692,ses-01,ABIDE,Leuven_1,22.0,M
sub-0050693,ses-01,ABIDE,Leuven_1,22.0,M
sub-0050698,ses-01,ABIDE,Leuven_1,28.0,M
sub-0050700,ses-01,ABIDE,Leuven_1,23.0,M
sub-0050703,ses-01,ABIDE,Leuven_1,29.0,M
sub-0050704,ses-01,ABIDE,Leuven_1,29.0,M
sub-0050705,ses-01,ABIDE,Leuven_1,24.0,M
sub-0050706,ses-01,ABIDE,Leuven_1,22.0,M
sub-0050707,ses-01,ABIDE,Leuven_1,22.0,M
sub-0050708,ses-01,ABIDE,Leuven_1,32.0,M
sub-0050709,ses-01,ABIDE,Leuven_1,25.0,M
sub-0050710,ses-01,ABIDE,Leuven_1,27.0,M
sub-0051606,ses-01,ABIDE,MaxMun_a,29.0,F
sub-0051607,ses-01,ABIDE,MaxMun_a,26.0,M
sub-0051319,ses-01,ABIDE,MaxMun_a,33.0,M
sub-0051320,ses-01,ABIDE,MaxMun_a,31.0,M
sub-0051362,ses-01,ABIDE,MaxMun_a,33.0,M
sub-0051363,ses-01,ABIDE,MaxMun_a,32.0,M
sub-0051364,ses-01,ABIDE,MaxMun_a,26.0,M
sub-0051365,ses-01,ABIDE,MaxMun_a,23.0,M
sub-0051366,ses-01,ABIDE,MaxMun_a,32.0,F
sub-0051368,ses-01,ABIDE,MaxMun_a,28.0,F
sub-0051369,ses-01,ABIDE,MaxMun_a,32.0,M
sub-0051370,ses-01,ABIDE,MaxMun_a,32.0,F
sub-0051322,ses-01,ABIDE,MaxMun_b,29.0,M
sub-0051323,ses-01,ABIDE,MaxMun_b,30.0,M
sub-0051325,ses-01,ABIDE,MaxMun_b,32.0,F
sub-0051328,ses-01,ABIDE,MaxMun_c,22.0,M
sub-0051332,ses-01,ABIDE,MaxMun_c,23.0,M
sub-0051334,ses-01,ABIDE,MaxMun_c,27.0,M
sub-0051335,ses-01,ABIDE,MaxMun_c,23.0,M
sub-0051336,ses-01,ABIDE,MaxMun_c,26.0,M
sub-0051338,ses-01,ABIDE,MaxMun_c,30.0,M
sub-0051339,ses-01,ABIDE,MaxMun_c,29.0,M
sub-0051340,ses-01,ABIDE,MaxMun_c,29.0,M
sub-0051341,ses-01,ABIDE,MaxMun_c,29.0,M
sub-0051342,ses-01,ABIDE,MaxMun_c,23.0,M
sub-0051343,ses-01,ABIDE,MaxMun_c,30.0,M
sub-0051344,ses-01,ABIDE,MaxMun_c,22.0,M
sub-0051345,ses-01,ABIDE,MaxMun_c,35.0,M
sub-0051346,ses-01,ABIDE,MaxMun_c,25.0,M
sub-0051347,ses-01,ABIDE,MaxMun_c,24.0,M
sub-0051331,ses-01,ABIDE,MaxMun_d,35.0,M
sub-0050959,ses-01,ABIDE,NYU,22.8,F
sub-0050960,ses-01,ABIDE,NYU,38.8,F
sub-0050961,ses-01,ABIDE,NYU,25.0,F
sub-0050962,ses-01,ABIDE,NYU,24.4,F
sub-0051015,ses-01,ABIDE,NYU,30.0,M
sub-0051016,ses-01,ABIDE,NYU,23.0,M
sub-0051019,ses-01,ABIDE,NYU,22.3,M
sub-0051020,ses-01,ABIDE,NYU,28.6,M
sub-0051021,ses-01,ABIDE,NYU,23.7,M
sub-0051024,ses-01,ABIDE,NYU,39.1,M
sub-0051027,ses-01,ABIDE,NYU,23.0,M
sub-0051028,ses-01,ABIDE,NYU,29.2,M
sub-0051029,ses-01,ABIDE,NYU,26.5,M
sub-0051058,ses-01,ABIDE,NYU,22.1,F
sub-0051059,ses-01,ABIDE,NYU,22.8,F
sub-0051061,ses-01,ABIDE,NYU,27.0,F
sub-0051062,ses-01,ABIDE,NYU,27.8,F
sub-0051063,ses-01,ABIDE,NYU,29.1,F
sub-0051068,ses-01,ABIDE,NYU,31.8,M
sub-0051113,ses-01,ABIDE,NYU,22.4,M
sub-0051114,ses-01,ABIDE,NYU,22.5,M
sub-0051115,ses-01,ABIDE,NYU,22.8,M
sub-0051116,ses-01,ABIDE,NYU,25.3,M
sub-0051117,ses-01,ABIDE,NYU,28.2,M
sub-0051118,ses-01,ABIDE,NYU,29.0,M
sub-0051119,ses-01,ABIDE,NYU,30.7,M
sub-0051150,ses-01,ABIDE,NYU,22.8,M
sub-0051151,ses-01,ABIDE,NYU,23.1,M
sub-0051152,ses-01,ABIDE,NYU,23.4,M
sub-0051153,ses-01,ABIDE,NYU,26.2,M
sub-0051154,ses-01,ABIDE,NYU,30.1,M
sub-0051155,ses-01,ABIDE,NYU,30.8,M
sub-0050125,ses-01,ABIDE,Olin,24.0,F
sub-0050115,ses-01,ABIDE,Olin,23.0,M
sub-0050003,ses-01,ABIDE,Pitt,24.4,M
sub-0050008,ses-01,ABIDE,Pitt,32.4,M
sub-0050009,ses-01,ABIDE,Pitt,33.9,M
sub-0050010,ses-01,ABIDE,Pitt,35.2,M
sub-0050017,ses-01,ABIDE,Pitt,22.7,M
sub-0050019,ses-01,ABIDE,Pitt,27.8,M
sub-0050024,ses-01,ABIDE,Pitt,22.6,M
sub-0050025,ses-01,ABIDE,Pitt,31.7,M
sub-0050030,ses-01,ABIDE,Pitt,25.1,M
sub-0050039,ses-01,ABIDE,Pitt,30.7,M
sub-0050040,ses-01,ABIDE,Pitt,24.6,M
sub-0050041,ses-01,ABIDE,Pitt,27.9,M
sub-0050042,ses-01,ABIDE,Pitt,33.2,M
sub-0050052,ses-01,ABIDE,Pitt,33.2,M
sub-0050058,ses-01,ABIDE,Pitt,23.1,M
sub-0051557,ses-01,ABIDE,SBL,26.0,M
sub-0051558,ses-01,ABIDE,SBL,27.0,M
sub-0051559,ses-01,ABIDE,SBL,27.0,M
sub-0051560,ses-01,ABIDE,SBL,27.0,M
sub-0051561,ses-01,ABIDE,SBL,36.0,M
sub-0051562,ses-01,ABIDE,SBL,37.0,M
sub-0051563,ses-01,ABIDE,SBL,38.0,M
sub-0051564,ses-01,ABIDE,SBL,39.0,M
sub-0051565,ses-01,ABIDE,SBL,39.0,M
sub-0051567,ses-01,ABIDE,SBL,34.0,M
sub-0051568,ses-01,ABIDE,SBL,37.0,M
sub-0051569,ses-01,ABIDE,SBL,36.0,M
sub-0051571,ses-01,ABIDE,SBL,22.0,M
sub-0051572,ses-01,ABIDE,SBL,28.0,M
sub-0051573,ses-01,ABIDE,SBL,30.0,M
sub-0051574,ses-01,ABIDE,SBL,30.0,M
sub-0051575,ses-01,ABIDE,SBL,31.0,M
sub-0051576,ses-01,ABIDE,SBL,31.0,M
sub-0051577,ses-01,ABIDE,SBL,31.0,M
sub-0051578,ses-01,ABIDE,SBL,33.0,M
sub-0051582,ses-01,ABIDE,SBL,31.0,M
sub-0051583,ses-01,ABIDE,SBL,35.0,M
sub-0051585,ses-01,ABIDE,SBL,27.0,M
sub-0050232,ses-01,ABIDE,Trinity,23.1,M
sub-0050244,ses-01,ABIDE,Trinity,25.9,M
sub-0050264,ses-01,ABIDE,Trinity,25.7,M
sub-0051132,ses-01,ABIDE,Trinity,24.8,M
sub-0050382,ses-01,ABIDE,UM_2,28.8,M
sub-0050388,ses-01,ABIDE,UM_2,26.8,M
sub-0050439,ses-01,ABIDE,USM,22.6,M
sub-0050440,ses-01,ABIDE,USM,23.9,M
sub-0050441,ses-01,ABIDE,USM,27.6,M
sub-0050442,ses-01,ABIDE,USM,26.9,M
sub-0050444,ses-01,ABIDE,USM,25.0,M
sub-0050446,ses-01,ABIDE,USM,27.3,M
sub-0050452,ses-01,ABIDE,USM,30.0,M
sub-0050455,ses-01,ABIDE,USM,31.3,M
sub-0050457,ses-01,ABIDE,USM,34.1,M
sub-0050458,ses-01,ABIDE,USM,26.1,M
sub-0050462,ses-01,ABIDE,USM,24.7,M
sub-0050463,ses-01,ABIDE,USM,28.4,M
sub-0050466,ses-01,ABIDE,USM,39.3,M
sub-0050468,ses-01,ABIDE,USM,39.4,M
sub-0050469,ses-01,ABIDE,USM,28.6,M
sub-0050471,ses-01,ABIDE,USM,25.0,M
sub-0050472,ses-01,ABIDE,USM,22.1,M
sub-0050473,ses-01,ABIDE,USM,22.4,M
sub-0050474,ses-01,ABIDE,USM,22.0,M
sub-0050479,ses-01,ABIDE,USM,22.9,M
sub-0050482,ses-01,ABIDE,USM,27.4,M
sub-0050485,ses-01,ABIDE,USM,23.6,M
sub-0050487,ses-01,ABIDE,USM,25.8,M
sub-0050488,ses-01,ABIDE,USM,25.5,M
sub-0050491,ses-01,ABIDE,USM,26.9,M
sub-0050492,ses-01,ABIDE,USM,32.6,M
sub-0050493,ses-01,ABIDE,USM,35.7,M
sub-0050494,ses-01,ABIDE,USM,37.8,M
sub-0050495,ses-01,ABIDE,USM,22.6,M
sub-0050496,ses-01,ABIDE,USM,24.3,M
sub-0050497,ses-01,ABIDE,USM,34.5,M
sub-0050499,ses-01,ABIDE,USM,25.4,M
sub-0050502,ses-01,ABIDE,USM,33.0,M
sub-0050503,ses-01,ABIDE,USM,28.7,M
sub-0050505,ses-01,ABIDE,USM,33.2,M
sub-0050507,ses-01,ABIDE,USM,28.1,M
sub-0050508,ses-01,ABIDE,USM,26.4,M
sub-0050525,ses-01,ABIDE,USM,32.8,M
sub-0050531,ses-01,ABIDE,USM,28.1,M
sub-8573430162,ses-V02,HBCD,,0.07,M
sub-9661466112,ses-V02,HBCD,,0.08,M
sub-6185770719,ses-V02,HBCD,,0.08,M
sub-3238014697,ses-V02,HBCD,,0.07,F
sub-1682910275,ses-V02,HBCD,,0.1,F
sub-5628965954,ses-V02,HBCD,,0.11,M
sub-4172570555,ses-V02,HBCD,,0.08,M
sub-8215101213,ses-V02,HBCD,,0.1,F
sub-3751319065,ses-V02,HBCD,,0.06,M
sub-1262263966,ses-V02,HBCD,,0.1,M
sub-1204007421,ses-V02,HBCD,,0.13,F
sub-7108794989,ses-V02,HBCD,,0.11,F
sub-7791429673,ses-V02,HBCD,,0.11,F
sub-3373663008,ses-V03,HBCD,,0.35,M
sub-2082459999,ses-V02,HBCD,,0.08,M
sub-2082459999,ses-V03,HBCD,,0.08,M
sub-6419694080,ses-V02,HBCD,,0.07,F
sub-6419694080,ses-V03,HBCD,,0.07,F
sub-6535772511,ses-V02,HBCD,,0.06,M
sub-4052056082,ses-V02,HBCD,,0.07,F
sub-2257106157,ses-V02,HBCD,,0.06,F
sub-1288135064,ses-V02,HBCD,,0.22,F
sub-1871457823,ses-V02,HBCD,,0.05,M
sub-3441419461,ses-V03,HBCD,,0.14,M
sub-3558140838,ses-V02,HBCD,,0.22,F
sub-4351159538,ses-V02,HBCD,,0.1,F
sub-1758228262,ses-V02,HBCD,,0.07,M
sub-7713245760,ses-V02,HBCD,,0.11,F
sub-6473562472,ses-V02,HBCD,,0.09,M
sub-1315022879,ses-V02,HBCD,,0.06,F
sub-5235692359,ses-V02,HBCD,,0.09,F
sub-1900711373,ses-V02,HBCD,,0.07,F
sub-5939068610,ses-V02,HBCD,,0.05,M
sub-5939068610,ses-V03,HBCD,,0.05,M
sub-6821775788,ses-V02,HBCD,,0.07,M
sub-6821775788,ses-V03,HBCD,,0.07,M
sub-3258020230,ses-V02,HBCD,,0.07,M
sub-1905441215,ses-V02,HBCD,,0.07,M
sub-7333845703,ses-V02,HBCD,,0.09,M
sub-1287987271,ses-V02,HBCD,,0.11,F
sub-7427035706,ses-V02,HBCD,,0.1,M
sub-3251797804,ses-V02,HBCD,,0.09,M
sub-5263605887,ses-V02,HBCD,,0.06,M
sub-5263605887,ses-V03,HBCD,,0.06,M
sub-9280132120,ses-V03,HBCD,,0.59,F
sub-4336352944,ses-V02,HBCD,,0.08,F
sub-4336352944,ses-V03,HBCD,,0.08,F
sub-8760111715,ses-V02,HBCD,,0.07,M
sub-3504823452,ses-V02,HBCD,,0.12,F
sub-2310128604,ses-V02,HBCD,,0.1,M
sub-5198883680,ses-V02,HBCD,,0.12,M
sub-9415073363,ses-V02,HBCD,,0.08,M
sub-7042124612,ses-V02,HBCD,,0.1,M
sub-8661473727,ses-V02,HBCD,,0.1,F
sub-4669421832,ses-V02,HBCD,,0.09,M
sub-1941160767,ses-V02,HBCD,,0.05,M
sub-4385242478,ses-V02,HBCD,,0.07,F
sub-4385242478,ses-V03,HBCD,,0.07,F
sub-5069136592,ses-V02,HBCD,,0.2,F
sub-8820274609,ses-V02,HBCD,,0.11,F
sub-7699557442,ses-V02,HBCD,,0.07,F
sub-7699557442,ses-V03,HBCD,,0.07,F
sub-7469108993,ses-V02,HBCD,,0.07,F
sub-7469108993,ses-V03,HBCD,,0.07,F
sub-3759775662,ses-V02,HBCD,,0.12,M
sub-7494979436,ses-V02,HBCD,,0.09,F
sub-7494979436,ses-V03,HBCD,,0.09,F
sub-5294765818,ses-V02,HBCD,,0.19,M
sub-1559680960,ses-V02,HBCD,,0.14,F
sub-5437562873,ses-V02,HBCD,,0.1,F
sub-8739269688,ses-V02,HBCD,,0.09,M
sub-8590543928,ses-V02,HBCD,,0.1,M
sub-7719876869,ses-V02,HBCD,,0.06,M
sub-9177318939,ses-V02,HBCD,,0.06,M
sub-5267307641,ses-V02,HBCD,,0.14,F
sub-7847021066,ses-V02,HBCD,,0.08,M
sub-2703002771,ses-V02,HBCD,,0.08,F
sub-9156139367,ses-V02,HBCD,,0.05,M
sub-1490267807,ses-V02,HBCD,,0.1,M
sub-1205584098,ses-V02,HBCD,,0.1,F
sub-9592226753,ses-V02,HBCD,,0.04,M
sub-1740830869,ses-V02,HBCD,,0.03,M
sub-1740830869,ses-V03,HBCD,,0.03,M
sub-9423204818,ses-V02,HBCD,,0.05,F
sub-8173840891,ses-V02,HBCD,,0.13,F
sub-4036548066,ses-V02,HBCD,,0.11,F
sub-5164859511,ses-V02,HBCD,,0.08,M
sub-2200163417,ses-V02,HBCD,,0.05,F
sub-NDARAJ689BVN,ses-HBNsiteRU,HBN,,5.5,F
sub-NDARAY475AKD,ses-HBNsiteRU,HBN,,7.3,F
sub-NDARBR740NKV,ses-HBNsiteRU,HBN,,16.3,F
sub-NDARBW026UGE,ses-HBNsiteRU,HBN,,7.1,F
sub-NDARCE721YB5,ses-HBNsiteRU,HBN,,6.7,M
sub-NDARCU417HRA,ses-HBNsiteRU,HBN,,7.4,M
sub-NDARDA472JE3,ses-HBNsiteRU,HBN,,7.9,M
sub-NDARDB146NWY,ses-HBNsiteRU,HBN,,6.3,M
sub-NDARDJ970ELG,ses-HBNsiteRU,HBN,,19.2,M
sub-NDARDX872VH6,ses-HBNsiteRU,HBN,,7.9,F
sub-NDAREK255DEE,ses-HBNsiteCBIC,HBN,,6.5,F
sub-NDAREP505XAD,ses-HBNsiteRU,HBN,,20.2,M
sub-NDARFJ803JF7,ses-HBNsiteCBIC,HBN,,16.3,F
sub-NDARFM948RTJ,ses-HBNsiteRU,HBN,,19.9,M
sub-NDARFV685ZT2,ses-HBNsiteRU,HBN,,7.1,M
sub-NDARGJ395FKP,ses-HBNsiteRU,HBN,,14.5,M
sub-NDARGK672URV,ses-HBNsiteRU,HBN,,12.1,M
sub-NDARGL800LDW,ses-HBNsiteRU,HBN,,5.2,M
sub-NDARGR354WBH,ses-HBNsiteRU,HBN,,14.8,M
sub-NDARGX443CEU,ses-HBNsiteRU,HBN,,7.9,M
sub-NDARGY622NG6,ses-HBNsiteRU,HBN,,20.4,M
sub-NDARHF351AA6,ses-HBNsiteRU,HBN,,6.2,M
sub-NDARHH757RT9,ses-HBNsiteRU,HBN,,16.3,M
sub-NDARHK526BY1,ses-HBNsiteRU,HBN,,5.2,M
sub-NDARHM475DC5,ses-HBNsiteRU,HBN,,9.4,F
sub-NDARHT095YB4,ses-HBNsiteRU,HBN,,6.4,M
sub-NDARHU391FD7,ses-HBNsiteRU,HBN,,5.5,F
sub-NDARHV527DNK,ses-HBNsiteRU,HBN,,5.0,M
sub-NDARJB355YHK,ses-HBNsiteRU,HBN,,5.8,F
sub-NDARJD235KZA,ses-HBNsiteRU,HBN,,8.7,F
sub-NDARJM828PAL,ses-HBNsiteRU,HBN,,6.2,M
sub-NDARJV268PNW,ses-HBNsiteRU,HBN,,9.8,F
sub-NDARJV377HG4,ses-HBNsiteRU,HBN,,7.1,F
sub-NDARKD134TCX,ses-HBNsiteRU,HBN,,6.3,F
sub-NDARKH444AGK,ses-HBNsiteRU,HBN,,6.6,M
sub-NDARKR155ME9,ses-HBNsiteCBIC,HBN,,7.8,F
sub-NDARLB671TLU,ses-HBNsiteRU,HBN,,7.8,M
sub-NDARLD978JVJ,ses-HBNsiteRU,HBN,,7.2,M
sub-NDARLL720BGU,ses-HBNsiteRU,HBN,,6.6,M
sub-NDARLN550RM6,ses-HBNsiteRU,HBN,,6.6,M
sub-NDARLP624GFH,ses-HBNsiteRU,HBN,,6.6,M
sub-NDARMF230VEX,ses-HBNsiteRU,HBN,,6.8,M
sub-NDARMN415AXR,ses-HBNsiteRU,HBN,,7.8,M
sub-NDARNM708YTF,ses-HBNsiteRU,HBN,,7.2,M
sub-NDARNP812WAQ,ses-HBNsiteRU,HBN,,6.1,M
sub-NDARNT043XGH,ses-HBNsiteRU,HBN,,5.9,M
sub-NDARPF179GNV,ses-HBNsiteRU,HBN,,10.7,M
sub-NDARPK223WVZ,ses-HBNsiteRU,HBN,,5.3,M
sub-NDARPK300HMV,ses-HBNsiteRU,HBN,,5.2,F
sub-NDARPZ720WKW,ses-HBNsiteRU,HBN,,9.2,M
sub-NDARRA767WB7,ses-HBNsiteRU,HBN,,7.8,F
sub-NDARRH285LR3,ses-HBNsiteRU,HBN,,7.5,M
sub-NDARRJ989YPA,ses-HBNsiteRU,HBN,,18.3,M
sub-NDARRU729XRU,ses-HBNsiteRU,HBN,,6.8,M
sub-NDARRV097NU1,ses-HBNsiteRU,HBN,,7.8,M
sub-NDARRW100AU0,ses-HBNsiteRU,HBN,,7.7,M
sub-NDARRY280KNW,ses-HBNsiteRU,HBN,,7.9,M
sub-NDARTB294NF0,ses-HBNsiteRU,HBN,,5.5,F
sub-NDARTC227AXA,ses-HBNsiteCBIC,HBN,,6.7,M
sub-NDARTN173MXV,ses-HBNsiteRU,HBN,,7.7,F
sub-NDARTT242GNN,ses-HBNsiteRU,HBN,,5.3,M
sub-NDARTZ018PD5,ses-HBNsiteRU,HBN,,5.3,M
sub-NDARUB231LHN,ses-HBNsiteRU,HBN,,6.4,F
sub-NDARUG323DM3,ses-HBNsiteRU,HBN,,6.5,F
sub-NDARUN994RMC,ses-HBNsiteRU,HBN,,7.0,F
sub-NDARUW904FMQ,ses-HBNsiteRU,HBN,,7.7,M
sub-NDARUZ368BT4,ses-HBNsiteCBIC,HBN,,8.0,F
sub-NDARVC964LX0,ses-HBNsiteCBIC,HBN,,7.6,M
sub-NDARVY366HWJ,ses-HBNsiteRU,HBN,,6.3,M
sub-NDARWA351ZE2,ses-HBNsiteRU,HBN,,7.1,F
sub-NDARWA513WM2,ses-HBNsiteRU,HBN,,14.6,M
sub-NDARWA544RDT,ses-HBNsiteRU,HBN,,5.7,M
sub-NDARWU018VDB,ses-HBNsiteCBIC,HBN,,15.5,M
sub-NDARWX711LBK,ses-HBNsiteRU,HBN,,6.2,M
sub-NDARXD345GBN,ses-HBNsiteRU,HBN,,7.4,M
sub-NDARXD388TTE,ses-HBNsiteRU,HBN,,5.5,M
sub-NDARXD710RLN,ses-HBNsiteRU,HBN,,6.4,F
sub-NDARXF358XGE,ses-HBNsiteRU,HBN,,6.3,F
sub-NDARXL023NG9,ses-HBNsiteRU,HBN,,7.4,M
sub-NDARXV445NYZ,ses-HBNsiteRU,HBN,,7.6,M
sub-NDARYD546HCB,ses-HBNsiteRU,HBN,,6.6,M
sub-NDARYF368WEA,ses-HBNsiteRU,HBN,,19.0,M
sub-NDARYG391PMU,ses-HBNsiteRU,HBN,,6.1,M
sub-NDARYY218LU2,ses-HBNsiteRU,HBN,,6.3,M
sub-NDARZD099KWW,ses-HBNsiteRU,HBN,,12.8,M
sub-NDARZF292VZA,ses-HBNsiteRU,HBN,,7.5,M
sub-NDARZP630WYL,ses-HBNsiteRU,HBN,,18.7,M
sub-HCA9686611,ses-01,HCP-A,,50.6,F
sub-HCA9753094,ses-01,HCP-A,,54.7,F
sub-HCA9766912,ses-01,HCP-A,,82.8,F
sub-HCA9641386,ses-01,HCP-A,,73.3,F
sub-HCA9646699,ses-01,HCP-A,,53.2,F
sub-HCA9688312,ses-01,HCP-A,,60.9,F
sub-HCA9760091,ses-01,HCP-A,,37.6,M
sub-HCA9761497,ses-01,HCP-A,,51.8,F
sub-HCA9787415,ses-01,HCP-A,,78.7,F
sub-HCA9845403,ses-01,HCP-A,,41.7,M
sub-HCA9865005,ses-01,HCP-A,,83.6,M
sub-HCA9880001,ses-01,HCP-A,,39.0,F
sub-HCA9880405,ses-01,HCP-A,,66.0,F
sub-HCA9896218,ses-01,HCP-A,,69.8,M
sub-HCA9908906,ses-01,HCP-A,,67.8,F
sub-HCA9938814,ses-01,HCP-A,,46.9,F
sub-HCA9617793,ses-01,HCP-A,,60.4,F
sub-HCA9703079,ses-01,HCP-A,,51.8,F
sub-HCA9620075,ses-01,HCP-A,,84.8,M
sub-HCA9650993,ses-01,HCP-A,,59.1,F
sub-HCA9734999,ses-01,HCP-A,,57.1,F
sub-HCA9735294,ses-01,HCP-A,,72.5,F
sub-HCA9868920,ses-01,HCP-A,,69.1,M
sub-HCA9882308,ses-01,HCP-A,,71.3,M
sub-HCA9894315,ses-01,HCP-A,,86.2,M
sub-HCA9662495,ses-01,HCP-A,,43.8,F
sub-HCA9707289,ses-01,HCP-A,,55.2,M
sub-HCA9912391,ses-01,HCP-A,,49.7,M
sub-HCA9912492,ses-01,HCP-A,,68.8,F
sub-HCA9913090,ses-01,HCP-A,,79.2,M
sub-HCA9922091,ses-01,HCP-A,,76.0,F
sub-HCA9926201,ses-01,HCP-A,,76.2,M
sub-HCA9626693,ses-01,HCP-A,,71.0,M
sub-HCA9677509,ses-01,HCP-A,,49.1,F
sub-HCA9715187,ses-01,HCP-A,,45.8,M
sub-HCA9943504,ses-01,HCP-A,,61.8,F
sub-HCA9947411,ses-01,HCP-A,,38.2,M
sub-HCA9953406,ses-01,HCP-A,,47.2,F
sub-HCA9628697,ses-01,HCP-A,,54.2,F
sub-HCA9679715,ses-01,HCP-A,,55.9,M
sub-HCA9708190,ses-01,HCP-A,,55.4,F
sub-HCA9956008,ses-01,HCP-A,,41.0,F
sub-HCA9986825,ses-01,HCP-A,,86.5,F
sub-HCA9992517,ses-01,HCP-A,,54.0,F
sub-HCA9640889,ses-01,HCP-A,,78.5,M
sub-HCA9744194,ses-01,HCP-A,,58.8,F
sub-HCA9716088,ses-01,HCP-A,,39.8,M
sub-HCA9769211,ses-01,HCP-A,,78.6,F
sub-HCA9771703,ses-01,HCP-A,,56.8,M
sub-HCA9800885,ses-01,HCP-A,,49.8,F
sub-HCA9815595,ses-01,HCP-A,,61.8,M
sub-HCA7917189,ses-01,HCP-A,,77.9,M
sub-HCA7985510,ses-01,HCP-A,,81.4,M
sub-HCA7982706,ses-01,HCP-A,,85.0,M
sub-HCA8065270,ses-01,HCP-A,,66.2,F
sub-HCA8151667,ses-01,HCP-A,,78.1,F
sub-HCA8244977,ses-01,HCP-A,,59.3,F
sub-HCA8435277,ses-01,HCP-A,,77.9,M
sub-HCA8441777,ses-01,HCP-A,,49.8,M
sub-HCA8456386,ses-01,HCP-A,,66.6,M
sub-HCA8465387,ses-01,HCP-A,,60.6,M
sub-HCA6030645,ses-01,HCP-A,,45.3,F
sub-HCA6089375,ses-01,HCP-A,,78.5,F
sub-HCA6363167,ses-01,HCP-A,,53.3,F
sub-HCA6451366,ses-01,HCP-A,,36.6,M
sub-HCA6521664,ses-01,HCP-A,,87.7,F
sub-HCA6574685,ses-01,HCP-A,,40.7,F
sub-HCA6576487,ses-01,HCP-A,,65.8,F
sub-HCA6618679,ses-01,HCP-A,,52.3,F
sub-HCA6668391,ses-01,HCP-A,,51.1,F
sub-HCA6706373,ses-01,HCP-A,,40.6,M
sub-HCA6757390,ses-01,HCP-A,,49.1,F
sub-HCA6910372,ses-01,HCP-A,,45.8,M
sub-HCA6989715,ses-01,HCP-A,,61.2,M
sub-HCA6987206,ses-01,HCP-A,,40.3,M
sub-HCA7075369,ses-01,HCP-A,,43.9,F
sub-HCA7126663,ses-01,HCP-A,,82.6,F
sub-HCA7192777,ses-01,HCP-A,,61.2,F
sub-HCA7301251,ses-01,HCP-A,,64.7,F
sub-HCA7453375,ses-01,HCP-A,,44.1,F
sub-HCA7512769,ses-01,HCP-A,,36.3,M
sub-HCA7670888,ses-01,HCP-A,,70.8,M
sub-HCA7670686,ses-01,HCP-A,,61.7,F
sub-HCA7840988,ses-01,HCP-A,,55.5,M
sub-HCA7918393,ses-01,HCP-A,,58.1,M
sub-HCA8099186,ses-01,HCP-A,,85.7,M
sub-HCA8242973,ses-01,HCP-A,,66.8,F
sub-HCA8301963,ses-01,HCP-A,,74.9,M
sub-HCA8358689,ses-01,HCP-A,,60.7,F
sub-HCA8446383,ses-01,HCP-A,,55.9,M
sub-HCA8449490,ses-01,HCP-A,,42.8,M
sub-HCA8503167,ses-01,HCP-A,,36.7,M
sub-HCA6047359,ses-01,HCP-A,,53.3,M
sub-HCA6095572,ses-01,HCP-A,,74.7,F
sub-HCA6131449,ses-01,HCP-A,,66.8,F
sub-HCA6223050,ses-01,HCP-A,,60.4,F
sub-HCA6291976,ses-01,HCP-A,,41.9,M
sub-HCA6372875,ses-01,HCP-A,,57.9,F
sub-HCA6459584,ses-01,HCP-A,,70.0,M
sub-HCA6529680,ses-01,HCP-A,,57.1,F
sub-HCA6819689,ses-01,HCP-A,,62.8,M
sub-HCA7130957,ses-01,HCP-A,,39.2,M
sub-HCA7256575,ses-01,HCP-A,,77.7,M
sub-HCA7307768,ses-01,HCP-A,,56.5,F
sub-HCA7388794,ses-01,HCP-A,,37.1,F
sub-HCA7453981,ses-01,HCP-A,,64.6,M
sub-HCA7521366,ses-01,HCP-A,,52.2,M
sub-HCA7841485,ses-01,HCP-A,,36.6,F
sub-HCA7919698,ses-01,HCP-A,,68.5,F
sub-HCA7987312,ses-01,HCP-A,,73.7,M
sub-HCA8101450,ses-01,HCP-A,,83.8,F
sub-HCA8154168,ses-01,HCP-A,,54.9,F
sub-HCA8245878,ses-01,HCP-A,,57.9,M
sub-HCA8307773,ses-01,HCP-A,,52.3,F
sub-HCA8361577,ses-01,HCP-A,,37.2,F
sub-HCA8451275,ses-01,HCP-A,,58.2,F
sub-HCA8456790,ses-01,HCP-A,,52.9,F
sub-HCA8597708,ses-01,HCP-A,,76.8,F
sub-HCA8605680,ses-01,HCP-A,,84.5,M
sub-HCA6234964,ses-01,HCP-A,,47.0,F
sub-HCA6295782,ses-01,HCP-A,,44.2,M
sub-HCA6531667,ses-01,HCP-A,,47.1,F
sub-HCA6582684,ses-01,HCP-A,,78.6,M
sub-HCA6626779,ses-01,HCP-A,,65.3,F
sub-HCA6763486,ses-01,HCP-A,,73.3,F
sub-HCA6820674,ses-01,HCP-A,,54.3,M
sub-HCA6937998,ses-01,HCP-A,,63.4,F
sub-HCA7000843,ses-01,HCP-A,,66.8,F
sub-HCA7078981,ses-01,HCP-A,,55.2,F
sub-HCA7257173,ses-01,HCP-A,,66.9,M
sub-HCA7467588,ses-01,HCP-A,,49.9,M
sub-HCA7530670,ses-01,HCP-A,,38.5,M
sub-HCA7673288,ses-01,HCP-A,,85.8,F
sub-HCA7716381,ses-01,HCP-A,,49.5,F
sub-HCA7716684,ses-01,HCP-A,,44.5,F
sub-HCA7879713,ses-01,HCP-A,,51.3,M
sub-HCA7995311,ses-01,HCP-A,,55.3,F
sub-HCA8103858,ses-01,HCP-A,,53.5,F
sub-HCA8169484,ses-01,HCP-A,,43.3,F
sub-HCA8247074,ses-01,HCP-A,,89.8,M
sub-HCA8306569,ses-01,HCP-A,,47.8,F
sub-HCA8363278,ses-01,HCP-A,,48.2,F
sub-HCA8463787,ses-01,HCP-A,,46.4,F
sub-HCA8626082,ses-01,HCP-A,,46.8,F
sub-HCA6051047,ses-01,HCP-A,,60.4,F
sub-HCA6102038,ses-01,HCP-A,,89.8,M
sub-HCA6143557,ses-01,HCP-A,,67.2,F
sub-HCA6242054,ses-01,HCP-A,,88.6,M
sub-HCA6301751,ses-01,HCP-A,,65.5,F
sub-HCA6374576,ses-01,HCP-A,,55.4,M
sub-HCA6461066,ses-01,HCP-A,,65.8,M
sub-HCA6464678,ses-01,HCP-A,,40.8,F
sub-HCA6532972,ses-01,HCP-A,,80.7,F
sub-HCA6623874,ses-01,HCP-A,,80.8,M
sub-HCA6671178,ses-01,HCP-A,,65.5,F
sub-HCA6671380,ses-01,HCP-A,,78.3,M
sub-HCA6732374,ses-01,HCP-A,,57.4,M
sub-HCA6848090,ses-01,HCP-A,,74.1,F
sub-HCA7079074,ses-01,HCP-A,,47.0,M
sub-HCA7131454,ses-01,HCP-A,,51.1,F
sub-HCA7216462,ses-01,HCP-A,,63.3,M
sub-HCA7257678,ses-01,HCP-A,,76.0,F
sub-HCA7317367,ses-01,HCP-A,,52.2,M
sub-HCA7397391,ses-01,HCP-A,,64.1,F
sub-HCA7406265,ses-01,HCP-A,,88.9,F
sub-HCA7468388,ses-01,HCP-A,,66.0,M
sub-HCA7670989,ses-01,HCP-A,,41.6,F
sub-HCA7937701,ses-01,HCP-A,,74.8,M
sub-HCA8321565,ses-01,HCP-A,,76.7,F
sub-HCA8711477,ses-01,HCP-A,,51.8,M
sub-HCA8509785,ses-01,HCP-A,,60.7,F
sub-HCA6098073,ses-01,HCP-A,,80.6,F
sub-HCA6302349,ses-01,HCP-A,,74.4,M
sub-HCA6375275,ses-01,HCP-A,,39.6,F
sub-HCA6465175,ses-01,HCP-A,,40.8,F
sub-HCA6631671,ses-01,HCP-A,,68.2,F
sub-HCA6771081,ses-01,HCP-A,,65.8,F
sub-HCA6854590,ses-01,HCP-A,,80.2,F
sub-HCA7011040,ses-01,HCP-A,,48.8,M
sub-HCA7083065,ses-01,HCP-A,,52.8,M
sub-HCA7133054,ses-01,HCP-A,,77.0,F
sub-HCA7222154,ses-01,HCP-A,,46.8,F
sub-HCA7319472,ses-01,HCP-A,,65.6,M
sub-HCA7717484,ses-01,HCP-A,,38.5,M
sub-HCA7881598,ses-01,HCP-A,,72.6,M
sub-HCA7941388,ses-01,HCP-A,,49.4,F
sub-HCA7996616,ses-01,HCP-A,,56.8,F
sub-HCA8121355,ses-01,HCP-A,,77.1,F
sub-HCA8174679,ses-01,HCP-A,,44.0,F
sub-HCA8249078,ses-01,HCP-A,,58.8,M
sub-HCA8322264,ses-01,HCP-A,,54.1,F
sub-HCA8369896,ses-01,HCP-A,,45.2,M
sub-HCA8511671,ses-01,HCP-A,,40.3,M
sub-HCA8517582,ses-01,HCP-A,,40.0,M
sub-HCA6108050,ses-01,HCP-A,,54.9,M
sub-HCA6539885,ses-01,HCP-A,,51.6,F
sub-HCA6583484,ses-01,HCP-A,,78.1,F
sub-HCA6674588,ses-01,HCP-A,,75.2,M
sub-HCA6741173,ses-01,HCP-A,,80.5,M
sub-HCA6946191,ses-01,HCP-A,,82.2,F
sub-HCA7017759,ses-01,HCP-A,,55.5,F
sub-HCA7017961,ses-01,HCP-A,,61.5,M
sub-HCA7137567,ses-01,HCP-A,,45.9,M
sub-HCA7259480,ses-01,HCP-A,,84.0,F
sub-HCA7326166,ses-01,HCP-A,,43.5,M
sub-HCA7483182,ses-01,HCP-A,,44.3,M
sub-HCA7625176,ses-01,HCP-A,,42.8,F
sub-HCA7686196,ses-01,HCP-A,,78.2,F
sub-HCA7884605,ses-01,HCP-A,,47.7,M
sub-HCA8000040,ses-01,HCP-A,,70.8,M
sub-HCA8123460,ses-01,HCP-A,,47.2,F
sub-HCA8191679,ses-01,HCP-A,,61.7,F
sub-HCA8251368,ses-01,HCP-A,,42.4,F
sub-HCA8532174,ses-01,HCP-A,,38.2,M
sub-HCA8536081,ses-01,HCP-A,,56.3,M
sub-HCA8537992,ses-01,HCP-A,,70.9,F
sub-HCA6058970,ses-01,HCP-A,,78.4,F
sub-HCA6108151,ses-01,HCP-A,,53.9,F
sub-HCA6144862,ses-01,HCP-A,,47.8,F
sub-HCA6253867,ses-01,HCP-A,,47.2,M
sub-HCA6307056,ses-01,HCP-A,,44.3,M
sub-HCA6467179,ses-01,HCP-A,,61.0,F
sub-HCA6589294,ses-01,HCP-A,,58.2,M
sub-HCA6633069,ses-01,HCP-A,,44.2,F
sub-HCA6678495,ses-01,HCP-A,,56.6,M
sub-HCA6776798,ses-01,HCP-A,,84.5,M
sub-HCA6867296,ses-01,HCP-A,,42.8,M
sub-HCA7091771,ses-01,HCP-A,,55.8,F
sub-HCA7134056,ses-01,HCP-A,,56.7,F
sub-HCA7264069,ses-01,HCP-A,,51.8,M
sub-HCA7260869,ses-01,HCP-A,,47.7,M
sub-HCA7543578,ses-01,HCP-A,,53.7,F
sub-HCA7627786,ses-01,HCP-A,,45.6,F
sub-HCA7689304,ses-01,HCP-A,,58.2,F
sub-HCA8126971,ses-01,HCP-A,,55.7,F
sub-HCA8330061,ses-01,HCP-A,,65.0,M
sub-HCA8553485,ses-01,HCP-A,,41.8,M
sub-HCA8557796,ses-01,HCP-A,,81.5,M
sub-HCA6061757,ses-01,HCP-A,,81.8,F
sub-HCA6162662,ses-01,HCP-A,,39.3,M
sub-HCA6312352,ses-01,HCP-A,,45.3,M
sub-HCA6400450,ses-01,HCP-A,,54.8,M
sub-HCA6405157,ses-01,HCP-A,,77.9,M
sub-HCA6552069,ses-01,HCP-A,,50.8,F
sub-HCA6680987,ses-01,HCP-A,,45.5,F
sub-HCA6742377,ses-01,HCP-A,,48.2,F
sub-HCA6950586,ses-01,HCP-A,,84.3,M
sub-HCA7025253,ses-01,HCP-A,,51.5,M
sub-HCA7098684,ses-01,HCP-A,,74.2,F
sub-HCA7222457,ses-01,HCP-A,,81.1,F
sub-HCA7434775,ses-01,HCP-A,,53.3,M
sub-HCA7492486,ses-01,HCP-A,,44.2,F
sub-HCA7489497,ses-01,HCP-A,,65.8,M
sub-HCA7636686,ses-01,HCP-A,,49.3,F
sub-HCA7764594,ses-01,HCP-A,,48.3,F
sub-HCA7888815,ses-01,HCP-A,,40.6,F
sub-HCA7956199,ses-01,HCP-A,,41.4,F
sub-HCA7962902,ses-01,HCP-A,,47.8,F
sub-HCA8001042,ses-01,HCP-A,,69.0,F
sub-HCA8127165,ses-01,HCP-A,,57.3,M
sub-HCA8206666,ses-01,HCP-A,,75.8,M
sub-HCA8192378,ses-01,HCP-A,,74.8,M
sub-HCA8253978,ses-01,HCP-A,,73.2,M
sub-HCA8324975,ses-01,HCP-A,,81.6,F
sub-HCA8378594,ses-01,HCP-A,,53.8,F
sub-HCA8376287,ses-01,HCP-A,,75.8,F
sub-HCA8596099,ses-01,HCP-A,,56.6,M
sub-HCA6062456,ses-01,HCP-A,,88.9,F
sub-HCA6109658,ses-01,HCP-A,,70.2,F
sub-HCA6269377,ses-01,HCP-A,,77.2,M
sub-HCA6595188,ses-01,HCP-A,,40.6,F
sub-HCA6780082,ses-01,HCP-A,,41.4,F
sub-HCA6875801,ses-01,HCP-A,,62.6,M
sub-HCA6876095,ses-01,HCP-A,,60.1,F
sub-HCA7024655,ses-01,HCP-A,,80.0,F
sub-HCA7101546,ses-01,HCP-A,,62.8,M
sub-HCA7268178,ses-01,HCP-A,,67.8,F
sub-HCA7348277,ses-01,HCP-A,,58.3,M
sub-HCA7351165,ses-01,HCP-A,,52.5,F
sub-HCA7492688,ses-01,HCP-A,,60.4,M
sub-HCA7552478,ses-01,HCP-A,,40.5,M
sub-HCA7643279,ses-01,HCP-A,,70.1,M
sub-HCA7690995,ses-01,HCP-A,,85.2,F
sub-HCA7690187,ses-01,HCP-A,,59.5,M
sub-HCA7773393,ses-01,HCP-A,,49.4,M
sub-HCA8252471,ses-01,HCP-A,,47.9,M
sub-HCA8267383,ses-01,HCP-A,,79.3,M
sub-HCA8674902,ses-01,HCP-A,,59.3,M
sub-HCA8699817,ses-01,HCP-A,,44.8,M
sub-HCA6111241,ses-01,HCP-A,,85.2,M
sub-HCA6166973,ses-01,HCP-A,,59.3,M
sub-HCA6165971,ses-01,HCP-A,,61.3,F
sub-HCA6276475,ses-01,HCP-A,,50.3,M
sub-HCA6474782,ses-01,HCP-A,,79.8,F
sub-HCA6640672,ses-01,HCP-A,,48.8,M
sub-HCA6685492,ses-01,HCP-A,,55.8,F
sub-HCA6746284,ses-01,HCP-A,,60.7,F
sub-HCA6785193,ses-01,HCP-A,,87.0,F
sub-HCA6951487,ses-01,HCP-A,,71.2,M
sub-HCA7027863,ses-01,HCP-A,,81.4,M
sub-HCA7103651,ses-01,HCP-A,,89.7,M
sub-HCA7243263,ses-01,HCP-A,,55.9,F
sub-HCA7264574,ses-01,HCP-A,,68.2,M
sub-HCA7777200,ses-01,HCP-A,,40.0,F
sub-HCA7898818,ses-01,HCP-A,,40.8,F
sub-HCA8033560,ses-01,HCP-A,,84.3,F
sub-HCA8034158,ses-01,HCP-A,,53.0,F
sub-HCA8132057,ses-01,HCP-A,,59.3,F
sub-HCA8209672,ses-01,HCP-A,,70.7,F
sub-HCA8271980,ses-01,HCP-A,,49.8,M
sub-HCA8341268,ses-01,HCP-A,,72.6,F
sub-HCA8391586,ses-01,HCP-A,,81.1,M
sub-HCA8705381,ses-01,HCP-A,,61.5,M
sub-HCA8712883,ses-01,HCP-A,,50.1,F
sub-HCA8720983,ses-01,HCP-A,,78.8,F
sub-HCA6075263,ses-01,HCP-A,,63.9,M
sub-HCA6318465,ses-01,HCP-A,,71.9,M
sub-HCA6421963,ses-01,HCP-A,,59.3,F
sub-HCA6559487,ses-01,HCP-A,,58.0,F
sub-HCA6597293,ses-01,HCP-A,,62.2,M
sub-HCA6645985,ses-01,HCP-A,,64.8,F
sub-HCA6682688,ses-01,HCP-A,,82.9,M
sub-HCA6787399,ses-01,HCP-A,,41.6,M
sub-HCA6879607,ses-01,HCP-A,,54.2,F
sub-HCA6954998,ses-01,HCP-A,,58.7,F
sub-HCA7164267,ses-01,HCP-A,,59.2,M
sub-HCA7372476,ses-01,HCP-A,,82.1,F
sub-HCA7440164,ses-01,HCP-A,,36.0,M
sub-HCA7495593,ses-01,HCP-A,,40.6,F
sub-HCA7553177,ses-01,HCP-A,,46.9,F
sub-HCA7655892,ses-01,HCP-A,,86.5,F
sub-HCA7698204,ses-01,HCP-A,,71.9,F
sub-HCA7789611,ses-01,HCP-A,,53.0,M
sub-HCA7964401,ses-01,HCP-A,,53.4,F
sub-HCA8133362,ses-01,HCP-A,,78.6,M
sub-HCA8405975,ses-01,HCP-A,,69.2,M
sub-HCA8514374,ses-01,HCP-A,,54.3,M
sub-HCA8515578,ses-01,HCP-A,,80.2,M
sub-HCA6002236,ses-01,HCP-A,,46.5,F
sub-HCA6086369,ses-01,HCP-A,,75.8,M
sub-HCA6176471,ses-01,HCP-A,,81.8,M
sub-HCA6283371,ses-01,HCP-A,,70.4,M
sub-HCA6429272,ses-01,HCP-A,,59.7,M
sub-HCA6475986,ses-01,HCP-A,,75.2,M
sub-HCA6750477,ses-01,HCP-A,,37.8,M
sub-HCA6788199,ses-01,HCP-A,,52.2,M
sub-HCA6877300,ses-01,HCP-A,,45.8,M
sub-HCA7030549,ses-01,HCP-A,,82.9,F
sub-HCA7108358,ses-01,HCP-A,,49.8,F
sub-HCA7175272,ses-01,HCP-A,,43.3,M
sub-HCA7271369,ses-01,HCP-A,,69.1,F
sub-HCA7355173,ses-01,HCP-A,,67.4,M
sub-HCA7577595,ses-01,HCP-A,,61.1,F
sub-HCA7651278,ses-01,HCP-A,,41.6,F
sub-HCA7907287,ses-01,HCP-A,,51.2,F
sub-HCA8040759,ses-01,HCP-A,,52.0,F
sub-HCA8232061,ses-01,HCP-A,,42.8,F
sub-HCA8274279,ses-01,HCP-A,,73.2,M
sub-HCA8345882,ses-01,HCP-A,,85.4,F
sub-HCA8421569,ses-01,HCP-A,,47.2,F
sub-HCA8480282,ses-01,HCP-A,,62.1,M
sub-HCA8481789,ses-01,HCP-A,,42.6,F
sub-HCA8488197,ses-01,HCP-A,,67.2,M
sub-HCA6086470,ses-01,HCP-A,,40.5,F
sub-HCA6183064,ses-01,HCP-A,,51.7,F
sub-HCA6280668,ses-01,HCP-A,,58.8,M
sub-HCA6320048,ses-01,HCP-A,,49.3,F
sub-HCA6427066,ses-01,HCP-A,,66.5,F
sub-HCA6566888,ses-01,HCP-A,,55.4,F
sub-HCA6599803,ses-01,HCP-A,,66.3,F
sub-HCA6649993,ses-01,HCP-A,,66.6,M
sub-HCA6691992,ses-01,HCP-A,,83.0,F
sub-HCA6791794,ses-01,HCP-A,,72.5,M
sub-HCA6896607,ses-01,HCP-A,,65.8,M
sub-HCA6963696,ses-01,HCP-A,,72.4,F
sub-HCA7050151,ses-01,HCP-A,,58.8,F
sub-HCA7111650,ses-01,HCP-A,,86.3,M
sub-HCA7247574,ses-01,HCP-A,,41.6,F
sub-HCA7281271,ses-01,HCP-A,,67.9,F
sub-HCA7376686,ses-01,HCP-A,,79.0,F
sub-HCA7447784,ses-01,HCP-A,,58.7,F
sub-HCA7497395,ses-01,HCP-A,,69.3,F
sub-HCA7567693,ses-01,HCP-A,,81.2,M
sub-HCA7701974,ses-01,HCP-A,,45.2,F
sub-HCA7802172,ses-01,HCP-A,,71.2,F
sub-HCA7980095,ses-01,HCP-A,,77.6,F
sub-HCA8072772,ses-01,HCP-A,,52.8,M
sub-HCA8141563,ses-01,HCP-A,,49.2,F
sub-HCA8296592,ses-01,HCP-A,,40.8,M
sub-HCA8494899,ses-01,HCP-A,,53.8,M
sub-HCA8491893,ses-01,HCP-A,,83.1,F
sub-HCA8502872,ses-01,HCP-A,,81.1,F
sub-HCA8580387,ses-01,HCP-A,,70.4,M
sub-HCA8578704,ses-01,HCP-A,,43.1,F
sub-HCA6086975,ses-01,HCP-A,,85.3,M
sub-HCA6120646,ses-01,HCP-A,,82.2,F
sub-HCA6197580,ses-01,HCP-A,,46.2,F
sub-HCA6436774,ses-01,HCP-A,,57.8,M
sub-HCA6476584,ses-01,HCP-A,,71.1,M
sub-HCA6562577,ses-01,HCP-A,,72.7,F
sub-HCA6604264,ses-01,HCP-A,,53.2,F
sub-HCA6653277,ses-01,HCP-A,,69.8,F
sub-HCA6658994,ses-01,HCP-A,,56.3,F
sub-HCA6686191,ses-01,HCP-A,,64.0,M
sub-HCA6752784,ses-01,HCP-A,,58.5,F
sub-HCA6753079,ses-01,HCP-A,,69.1,M
sub-HCA6909084,ses-01,HCP-A,,54.2,M
sub-HCA7046968,ses-01,HCP-A,,44.3,F
sub-HCA7184576,ses-01,HCP-A,,58.4,M
sub-HCA7452272,ses-01,HCP-A,,43.2,F
sub-HCA7502059,ses-01,HCP-A,,46.6,M
sub-HCA7581081,ses-01,HCP-A,,43.0,F
sub-HCA7799311,ses-01,HCP-A,,61.6,F
sub-HCA7974909,ses-01,HCP-A,,65.8,F
sub-HCA8058374,ses-01,HCP-A,,80.8,M
sub-HCA8232869,ses-01,HCP-A,,75.7,F
sub-HCA8280274,ses-01,HCP-A,,64.9,M
sub-HCA8350976,ses-01,HCP-A,,41.4,F
sub-HCA8435176,ses-01,HCP-A,,47.3,M
sub-HCA8580690,ses-01,HCP-A,,48.4,F
sub-HCA8591796,ses-01,HCP-A,,88.4,F
sub-HCA6125050,ses-01,HCP-A,,73.1,F
sub-HCA6198582,ses-01,HCP-A,,41.2,F
sub-HCA6287177,ses-01,HCP-A,,81.8,F
sub-HCA6333158,ses-01,HCP-A,,73.1,M
sub-HCA6498190,ses-01,HCP-A,,56.4,F
sub-HCA6515366,ses-01,HCP-A,,70.5,M
sub-HCA6700664,ses-01,HCP-A,,56.0,M
sub-HCA6972899,ses-01,HCP-A,,59.9,F
sub-HCA7056264,ses-01,HCP-A,,53.7,F
sub-HCA7124659,ses-01,HCP-A,,88.9,M
sub-HCA7119969,ses-01,HCP-A,,80.9,F
sub-HCA7253064,ses-01,HCP-A,,41.4,M
sub-HCA7251969,ses-01,HCP-A,,40.8,F
sub-HCA7296183,ses-01,HCP-A,,75.3,M
sub-HCA7510058,ses-01,HCP-A,,69.5,F
sub-HCA7592086,ses-01,HCP-A,,52.9,F
sub-HCA7667899,ses-01,HCP-A,,56.8,F
sub-HCA7703372,ses-01,HCP-A,,65.8,M
sub-HCA7913181,ses-01,HCP-A,,82.1,M
sub-HCA8089082,ses-01,HCP-A,,50.9,F
sub-HCA8074170,ses-01,HCP-A,,54.6,F
sub-HCA8142767,ses-01,HCP-A,,71.0,F
sub-HCA8301357,ses-01,HCP-A,,80.4,M
sub-HCA8351574,ses-01,HCP-A,,71.1,F
sub-HCA8434376,ses-01,HCP-A,,61.6,F
sub-HCA8657295,ses-01,HCP-A,,46.7,F
sub-HCA8657598,ses-01,HCP-A,,85.0,F
sub-HCA8672190,ses-01,HCP-A,,54.4,M
sub-HCA8697005,ses-01,HCP-A,,62.4,F
sub-HCA8702577,ses-01,HCP-A,,53.4,F
sub-HCA6091766,ses-01,HCP-A,,72.3,M
sub-HCA6130548,ses-01,HCP-A,,52.7,M
sub-HCA6214958,ses-01,HCP-A,,73.5,F
sub-HCA6290368,ses-01,HCP-A,,60.5,M
sub-HCA6439780,ses-01,HCP-A,,41.2,F
sub-HCA6660880,ses-01,HCP-A,,41.5,F
sub-HCA6756287,ses-01,HCP-A,,56.9,F
sub-HCA6818889,ses-01,HCP-A,,53.1,F
sub-HCA7066873,ses-01,HCP-A,,47.2,F
sub-HCA7186883,ses-01,HCP-A,,42.5,F
sub-HCA7256070,ses-01,HCP-A,,63.2,F
sub-HCA7291981,ses-01,HCP-A,,68.9,F
sub-HCA7378993,ses-01,HCP-A,,65.4,M
sub-HCA7385889,ses-01,HCP-A,,54.8,M
sub-HCA7807384,ses-01,HCP-A,,46.2,F
sub-HCA7825487,ses-01,HCP-A,,47.9,M
sub-HCA9256181,ses-01,HCP-A,,77.1,M
sub-HCA9578406,ses-01,HCP-A,,36.8,M
sub-HCA9594606,ses-01,HCP-A,,51.9,M
sub-HCA9603681,ses-01,HCP-A,,53.0,F
sub-HCA9329687,ses-01,HCP-A,,58.5,M
sub-HCA9342578,ses-01,HCP-A,,71.5,M
sub-HCA9372789,ses-01,HCP-A,,58.2,F
sub-HCA9377597,ses-01,HCP-A,,37.7,M
sub-HCA9384089,ses-01,HCP-A,,43.1,F
sub-HCA9392997,ses-01,HCP-A,,40.9,M
sub-HCA9407681,ses-01,HCP-A,,75.2,F
sub-HCA9409786,ses-01,HCP-A,,62.3,F
sub-HCA9414375,ses-01,HCP-A,,63.7,M
sub-HCA9436688,ses-01,HCP-A,,67.9,F
sub-HCA9455288,ses-01,HCP-A,,41.2,F
sub-HCA8826090,ses-01,HCP-A,,69.7,F
sub-HCA8829905,ses-01,HCP-A,,60.8,F
sub-HCA8854398,ses-01,HCP-A,,42.8,F
sub-HCA8867610,ses-01,HCP-A,,86.5,F
sub-HCA8868915,ses-01,HCP-A,,80.5,M
sub-HCA8883911,ses-01,HCP-A,,57.1,F
sub-HCA8904185,ses-01,HCP-A,,70.4,F
sub-HCA8913489,ses-01,HCP-A,,72.6,F
sub-HCA8934497,ses-01,HCP-A,,60.0,M
sub-HCA8913388,ses-01,HCP-A,,47.8,M
sub-HCA8947709,ses-01,HCP-A,,68.1,M
sub-HCA8959211,ses-01,HCP-A,,63.8,M
sub-HCA8961399,ses-01,HCP-A,,45.8,F
sub-HCA8985212,ses-01,HCP-A,,60.5,F
sub-HCA9007968,ses-01,HCP-A,,72.4,M
sub-HCA9022762,ses-01,HCP-A,,65.7,M
sub-HCA9023865,ses-01,HCP-A,,44.5,M
sub-HCA9033868,ses-01,HCP-A,,83.2,M
sub-HCA9061974,ses-01,HCP-A,,48.9,M
sub-HCA9086283,ses-01,HCP-A,,79.7,M
sub-HCA9086990,ses-01,HCP-A,,75.9,F
sub-HCA9088388,ses-01,HCP-A,,46.6,M
sub-HCA9090779,ses-01,HCP-A,,78.4,F
sub-HCA9094484,ses-01,HCP-A,,64.7,F
sub-HCA9121158,ses-01,HCP-A,,74.6,F
sub-HCA9156783,ses-01,HCP-A,,82.2,F
sub-HCA9126269,ses-01,HCP-A,,64.4,M
sub-HCA9179997,ses-01,HCP-A,,41.0,M
sub-HCA9196088,ses-01,HCP-A,,36.2,M
sub-HCA9202360,ses-01,HCP-A,,76.0,M
sub-HCA9234979,ses-01,HCP-A,,70.8,F
sub-HCA9260071,ses-01,HCP-A,,55.4,F
sub-HCA9449900,ses-01,HCP-A,,84.7,F
sub-HCA9452181,ses-01,HCP-A,,58.5,F
sub-HCA9460079,ses-01,HCP-A,,62.4,M
sub-HCA9461182,ses-01,HCP-A,,83.2,M
sub-HCA9464996,ses-01,HCP-A,,57.8,F
sub-HCA9469906,ses-01,HCP-A,,48.8,M
sub-HCA9478098,ses-01,HCP-A,,41.5,M
sub-HCA9481794,ses-01,HCP-A,,77.4,F
sub-HCA9492496,ses-01,HCP-A,,88.5,M
sub-HCA9496707,ses-01,HCP-A,,56.2,M
sub-HCA9498307,ses-01,HCP-A,,89.1,M
sub-HCA9503576,ses-01,HCP-A,,68.2,F
sub-HCA9510169,ses-01,HCP-A,,59.3,F
sub-HCA9512173,ses-01,HCP-A,,77.7,M
sub-HCA9515684,ses-01,HCP-A,,49.8,F
sub-HCA9521073,ses-01,HCP-A,,39.7,F
sub-HCA9521679,ses-01,HCP-A,,47.4,M
sub-HCA9539800,ses-01,HCP-A,,69.7,F
sub-HCA9546089,ses-01,HCP-A,,80.7,F
sub-HCA9548396,ses-01,HCP-A,,44.9,M
sub-HCA9551991,ses-01,HCP-A,,64.2,M
sub-HCA9554088,ses-01,HCP-A,,45.8,M
sub-HCA8858710,ses-01,HCP-A,,87.7,F
sub-HCA8866406,ses-01,HCP-A,,58.7,F
sub-HCA9575298,ses-01,HCP-A,,78.1,M
sub-HCA9589815,ses-01,HCP-A,,52.6,F
sub-HCA8846400,ses-01,HCP-A,,84.3,M
sub-HCA8858912,ses-01,HCP-A,,42.8,M
sub-HCA8867004,ses-01,HCP-A,,41.4,M
sub-HCA8869513,ses-01,HCP-A,,69.0,M
sub-HCA8873908,ses-01,HCP-A,,80.0,M
sub-HCA8724991,ses-01,HCP-A,,81.2,F
sub-HCA8738699,ses-01,HCP-A,,53.8,M
sub-HCA8743187,ses-01,HCP-A,,53.3,F
sub-HCA8748298,ses-01,HCP-A,,53.9,M
sub-HCA8795813,ses-01,HCP-A,,51.7,M
sub-HCA8800274,ses-01,HCP-A,,41.6,F
sub-HCA8923391,ses-01,HCP-A,,86.8,M
sub-HCA8953805,ses-01,HCP-A,,53.3,F
sub-HCA8961400,ses-01,HCP-A,,39.0,M
sub-HCA8740989,ses-01,HCP-A,,53.5,F
sub-HCA8749907,ses-01,HCP-A,,63.3,F
sub-HCA8794407,ses-01,HCP-A,,60.7,F
sub-HCA8796916,ses-01,HCP-A,,70.3,F
sub-HCA9037876,ses-01,HCP-A,,53.0,F
sub-HCA9044570,ses-01,HCP-A,,47.2,F
sub-HCA9067178,ses-01,HCP-A,,51.8,M
sub-HCA9085685,ses-01,HCP-A,,89.8,F
sub-HCA9096690,ses-01,HCP-A,,49.1,F
sub-HCA9099999,ses-01,HCP-A,,68.8,F
sub-HCA8748197,ses-01,HCP-A,,79.3,F
sub-HCA8751792,ses-01,HCP-A,,36.5,F
sub-HCA8794912,ses-01,HCP-A,,80.6,M
sub-HCA8797211,ses-01,HCP-A,,47.8,M
sub-HCA9088691,ses-01,HCP-A,,66.3,F
sub-HCA9095284,ses-01,HCP-A,,44.2,F
sub-HCA9161877,ses-01,HCP-A,,41.7,F
sub-HCA9160370,ses-01,HCP-A,,66.0,F
sub-HCA9170474,ses-01,HCP-A,,76.6,F
sub-HCA9187693,ses-01,HCP-A,,36.6,M
sub-HCA9217575,ses-01,HCP-A,,70.8,F
sub-HCA9239484,ses-01,HCP-A,,64.8,M
sub-HCA9266285,ses-01,HCP-A,,87.8,F
sub-HCA9551486,ses-01,HCP-A,,74.2,M
sub-HCA9157179,ses-01,HCP-A,,40.0,M
sub-HCA9178894,ses-01,HCP-A,,84.5,F
sub-HCA9194084,ses-01,HCP-A,,42.0,M
sub-HCA9231670,ses-01,HCP-A,,65.1,M
sub-HCA9286392,ses-01,HCP-A,,83.2,F
sub-HCA9572797,ses-01,HCP-A,,81.4,M
sub-HCA9573597,ses-01,HCP-A,,54.5,M
sub-HCA9589310,ses-01,HCP-A,,70.7,M
sub-HCA9599212,ses-01,HCP-A,,46.9,F
sub-HCA9323978,ses-01,HCP-A,,62.3,F
sub-HCA9329081,ses-01,HCP-A,,40.8,F
sub-HCA9339892,ses-01,HCP-A,,43.8,F
sub-HCA9341879,ses-01,HCP-A,,81.5,M
sub-HCA9366895,ses-01,HCP-A,,40.6,F
sub-HCA9601374,ses-01,HCP-A,,55.4,F
sub-HCA9352783,ses-01,HCP-A,,56.8,F
sub-HCA9301564,ses-01,HCP-A,,75.4,M
sub-HCA9304772,ses-01,HCP-A,,56.4,M
sub-HCA9319684,ses-01,HCP-A,,43.7,M
sub-HCA9389605,ses-01,HCP-A,,68.3,F
sub-HCA9435080,ses-01,HCP-A,,41.3,F
sub-HCA9438086,ses-01,HCP-A,,56.6,F
sub-HCA9443079,ses-01,HCP-A,,64.8,F
sub-HCA8825997,ses-01,HCP-A,,79.4,M
sub-HCA6010538,ses-01,HCP-A,,64.9,M
sub-HCA6880490,ses-01,HCP-A,,79.4,F
sub-HCA6627377,ses-01,HCP-A,,49.6,F
sub-HCD0145733,ses-01,HCP-D,,19.8,F
sub-HCD0328842,ses-01,HCP-D,,20.1,M
sub-HCD1202320,ses-01,HCP-D,,19.2,F
sub-HCD1643855,ses-01,HCP-D,,21.7,M
sub-HCD1852056,ses-01,HCP-D,,13.8,F
sub-HCD1847972,ses-01,HCP-D,,20.8,F
sub-HCD0338441,ses-01,HCP-D,,20.8,F
sub-HCD0576558,ses-01,HCP-D,,13.5,F
sub-HCD0788674,ses-01,HCP-D,,20.9,F
sub-HCD1205326,ses-01,HCP-D,,15.3,M
sub-HCD2600034,ses-01,HCP-D,,7.2,F
sub-HCD2820351,ses-01,HCP-D,,21.0,M
sub-HCD0372542,ses-01,HCP-D,,21.8,F
sub-HCD0378150,ses-01,HCP-D,,21.8,M
sub-HCD0584860,ses-01,HCP-D,,18.5,M
sub-HCD1223833,ses-01,HCP-D,,19.3,M
sub-HCD0183539,ses-01,HCP-D,,18.4,M
sub-HCD0383143,ses-01,HCP-D,,8.1,M
sub-HCD0806751,ses-01,HCP-D,,21.6,F
sub-HCD1227740,ses-01,HCP-D,,10.0,M
sub-HCD1663053,ses-01,HCP-D,,19.2,M
sub-HCD2841965,ses-01,HCP-D,,21.9,F
sub-HCD0394350,ses-01,HCP-D,,20.2,F
sub-HCD0614237,ses-01,HCP-D,,19.0,F
sub-HCD0626446,ses-01,HCP-D,,21.5,F
sub-HCD1012719,ses-01,HCP-D,,19.6,F
sub-HCD1237844,ses-01,HCP-D,,21.8,M
sub-HCD1668164,ses-01,HCP-D,,18.9,M
sub-HCD1880465,ses-01,HCP-D,,10.8,F
sub-HCD2073340,ses-01,HCP-D,,10.7,M
sub-HCD2310328,ses-01,HCP-D,,20.8,F
sub-HCD2860262,ses-01,HCP-D,,21.2,F
sub-HCD0197045,ses-01,HCP-D,,18.2,F
sub-HCD0203620,ses-01,HCP-D,,21.7,F
sub-HCD0812746,ses-01,HCP-D,,21.8,F
sub-HCD1262136,ses-01,HCP-D,,9.1,M
sub-HCD1491454,ses-01,HCP-D,,20.5,F
sub-HCD1493761,ses-01,HCP-D,,19.0,F
sub-HCD1701338,ses-01,HCP-D,,20.8,M
sub-HCD2679073,ses-01,HCP-D,,20.8,F
sub-HCD0418338,ses-01,HCP-D,,18.8,F
sub-HCD0630134,ses-01,HCP-D,,18.5,M
sub-HCD1285956,ses-01,HCP-D,,19.1,M
sub-HCD1501936,ses-01,HCP-D,,20.8,M
sub-HCD1500025,ses-01,HCP-D,,18.2,F
sub-HCD2105125,ses-01,HCP-D,,19.2,F
sub-HCD2696780,ses-01,HCP-D,,18.6,M
sub-HCD2903759,ses-01,HCP-D,,19.5,M
sub-HCD0029630,ses-01,HCP-D,,18.4,F
sub-HCD0225529,ses-01,HCP-D,,20.8,F
sub-HCD0857566,ses-01,HCP-D,,18.4,M
sub-HCD1036834,ses-01,HCP-D,,20.9,M
sub-HCD1734858,ses-01,HCP-D,,6.8,M
sub-HCD1749770,ses-01,HCP-D,,20.6,F
sub-HCD1920754,ses-01,HCP-D,,21.1,M
sub-HCD2112829,ses-01,HCP-D,,19.0,F
sub-HCD0040113,ses-01,HCP-D,,9.3,M
sub-HCD0676764,ses-01,HCP-D,,20.8,F
sub-HCD0861052,ses-01,HCP-D,,20.5,M
sub-HCD2724456,ses-01,HCP-D,,19.2,F
sub-HCD0051825,ses-01,HCP-D,,18.2,F
sub-HCD0244230,ses-01,HCP-D,,19.5,M
sub-HCD0899582,ses-01,HCP-D,,21.2,M
sub-HCD1106728,ses-01,HCP-D,,14.0,M
sub-HCD1761356,ses-01,HCP-D,,18.7,M
sub-HCD2115835,ses-01,HCP-D,,9.1,F
sub-HCD0075435,ses-01,HCP-D,,11.2,F
sub-HCD0259243,ses-01,HCP-D,,20.4,M
sub-HCD0498968,ses-01,HCP-D,,14.7,M
sub-HCD0692964,ses-01,HCP-D,,20.2,M
sub-HCD1111822,ses-01,HCP-D,,15.8,F
sub-HCD1778070,ses-01,HCP-D,,19.0,M
sub-HCD1945164,ses-01,HCP-D,,7.9,F
sub-HCD2155140,ses-01,HCP-D,,20.7,M
sub-HCD0267242,ses-01,HCP-D,,21.1,F
sub-HCD0697772,ses-01,HCP-D,,19.4,M
sub-HCD0919562,ses-01,HCP-D,,21.3,F
sub-HCD1571351,ses-01,HCP-D,,19.4,F
sub-HCD1949879,ses-01,HCP-D,,20.2,M
sub-HCD2982579,ses-01,HCP-D,,18.8,F
sub-HCD0271031,ses-01,HCP-D,,21.3,F
sub-HCD0921347,ses-01,HCP-D,,7.8,F
sub-HCD1959680,ses-01,HCP-D,,21.7,F
sub-HCD1961263,ses-01,HCP-D,,21.8,F
sub-HCD2987185,ses-01,HCP-D,,14.6,M
sub-HCD1600332,ses-01,HCP-D,,12.5,M
sub-HCD1969986,ses-01,HCP-D,,18.2,F
sub-HCD2996590,ses-01,HCP-D,,19.8,M
sub-HCD0752855,ses-01,HCP-D,,20.0,F
sub-HCD0755962,ses-01,HCP-D,,20.6,M
sub-HCD0949874,ses-01,HCP-D,,7.9,F
sub-HCD1175343,ses-01,HCP-D,,21.2,F
sub-HCD1807051,ses-01,HCP-D,,15.0,F
sub-HCD1986784,ses-01,HCP-D,,16.7,M
sub-HCD2537457,ses-01,HCP-D,,21.8,F
sub-HCD0960458,ses-01,HCP-D,,19.7,F
sub-HCD0968878,ses-01,HCP-D,,20.2,F
sub-HCD1168245,ses-01,HCP-D,,18.5,M
sub-HCD1409342,ses-01,HCP-D,,20.0,F
sub-HCD1623142,ses-01,HCP-D,,18.8,M
sub-HCD1838567,ses-01,HCP-D,,18.7,M
sub-HCD1988687,ses-01,HCP-D,,20.0,F
sub-HCD2797584,ses-01,HCP-D,,18.0,F
sub-HCD2982276,ses-01,HCP-D,,21.2,M
sub-HCD2336346,ses-01,HCP-D,,20.3,M
sub-HCD1565356,ses-01,HCP-D,,21.5,M
sub-HCD0957368,ses-01,HCP-D,,18.5,M
sub-HCD1529756,ses-01,HCP-D,,6.3,F
sub-HCD0577358,ses-01,HCP-D,,7.7,F
sub-P0067,ses-01,PING,,3.9,F
sub-P0102,ses-01,PING,,20.6,F
sub-P0103,ses-01,PING,,21.0,F
sub-P0111,ses-01,PING,,19.0,F
sub-P0136,ses-01,PING,,18.5,M
sub-P0137,ses-01,PING,,0.7,F
sub-P0173,ses-01,PING,,20.7,F
sub-P0175,ses-01,PING,,19.3,M
sub-P0181,ses-01,PING,,20.2,M
sub-P0207,ses-01,PING,,21.2,F
sub-P0269,ses-01,PING,,19.3,F
sub-P0270,ses-01,PING,,21.3,F
sub-P0275,ses-01,PING,,7.2,M
sub-P0302,ses-01,PING,,20.8,F
sub-P0303,ses-01,PING,,19.4,F
sub-P0315,ses-01,PING,,20.7,M
sub-P0343,ses-01,PING,,20.3,F
sub-P0364,ses-01,PING,,21.2,F
sub-P0383,ses-01,PING,,20.8,M
sub-NDARINV1FDC7YAJ,ses-baselineYear1Arm1,ABCD,,8.9,M
sub-NDARINV1FDC7YAJ,ses-baselineYear1Arm1,ABCD,,8.9,M
sub-NDARINV9YZV41AE,ses-baselineYear1Arm1,ABCD,,8.9,F
sub-NDARINV9YZV41AE,ses-baselineYear1Arm1,ABCD,,8.9,F
sub-0050306,ses-01,ABIDE,UM_1,8.5,M
sub-0050609,ses-01,ABIDE,Yale,8.9,M
sub-0023019,ses-1,ADNI,OHSU,8.08,F
sub-4046678,ses-1,ADNI,OHSU,8.58,F
sub-1581470,ses-1,ADNI,Peking_1,8.83,M
sub-NDARAN814UPR,ses-HBNsiteRU,HBN,,8.9,F
sub-NDARCT420MW1,ses-HBNsiteCBIC,HBN,,8.4,F
sub-NDARDT550XYX,ses-HBNsiteCUNY,HBN,,8.9,M
sub-NDARLY114PDC,ses-HBNsiteCBIC,HBN,,8.8,M
sub-NDARPD029JVJ,ses-HBNsiteRU,HBN,,8.2,F
sub-NDARXD502MC1,ses-HBNsiteRU,HBN,,8.2,M
sub-HCD2099257,ses-01,HCP-D,,8.3,F
sub-HCD1906457,ses-01,HCP-D,,8.1,F
sub-HCD0682557,ses-01,HCP-D,,8.8,M
sub-P0578,ses-01,PING,,8.4,M
sub-P1579,ses-01,PING,,8.3,M
sub-P1613,ses-01,PING,,8.8,M
sub-P1636,ses-01,PING,,8.2,M
sub-NDARINVB7BG5TYR,ses-4YearFollowUpYArm1,ABCD,,15.7,M
sub-NDARINVB7BG5TYR,ses-4YearFollowUpYArm1,ABCD,,15.7,M
sub-0050234,ses-01,ABIDE,Trinity,15.7,M
sub-0010056,ses-1,ADNI,NYU,15.63,M
sub-0015053,ses-1,ADNI,WashU,15.29,F
sub-NDARRW951BYF,ses-HBNsiteRU,HBN,,15.4,M
sub-NDARVL190JA8,ses-HBNsiteCBIC,HBN,,15.2,M
sub-HCD2618053,ses-01,HCP-D,,15.3,M
sub-HCD1783366,ses-01,HCP-D,,15.6,F
sub-P0753,ses-01,PING,,15.3,M
sub-P0632,ses-01,PING,,15.2,M
sub-0051110,ses-01,ABIDE,NYU,16.3,M
sub-0050011,ses-01,ABIDE,Pitt,16.9,M
sub-0050187,ses-01,ABIDE,SDSU,16.5,M
sub-0050276,ses-01,ABIDE,UM_1,16.8,F
sub-0050509,ses-01,ABIDE,USM,16.7,M
sub-0027010,ses-1,ADNI,NeuroIMAGE,16.45,F
sub-0010100,ses-1,ADNI,NYU,16.88,M
sub-NDARBH133TK6,ses-HBNsiteRU,HBN,,16.9,M
sub-NDAREC777ADZ,ses-HBNsiteCUNY,HBN,,16.1,M
sub-NDARVD685RRJ,ses-HBNsiteRU,HBN,,16.5,F
sub-NDARWR678HLF,ses-HBNsiteRU,HBN,,16.1,M
sub-HCD0628854,ses-01,HCP-D,,16.8,M
sub-HCD2428755,ses-01,HCP-D,,16.8,F
sub-HCD1946873,ses-01,HCP-D,,16.7,M
sub-HCD1964269,ses-01,HCP-D,,16.4,M
sub-P0076,ses-01,PING,,16.3,M
sub-P0310,ses-01,PING,,16.3,M
sub-P0696,ses-01,PING,,16.8,M
sub-P1007,ses-01,PING,,16.3,F
sub-P0246,ses-01,PING,,16.1,F
sub-0051261,ses-01,ABIDE,UCLA_1,17.8,M
sub-0051268,ses-01,ABIDE,UCLA_1,17.8,M
sub-0050331,ses-01,ABIDE,UM_1,17.2,M
sub-0050373,ses-01,ABIDE,UM_1,17.2,F
sub-0050500,ses-01,ABIDE,USM,17.2,M
sub-0050607,ses-01,ABIDE,Yale,17.2,M
sub-0026024,ses-1,ADNI,Brown,17.77,F
sub-3082137,ses-1,ADNI,NeuroIMAGE,17.93,M
sub-8991934,ses-1,ADNI,NeuroIMAGE,17.01,F
sub-0025002,ses-1,ADNI,Pittsburgh,17.03,M
sub-0016058,ses-1,ADNI,Pittsburgh,17.01,F
sub-NDARBF389RLF,ses-HBNsiteCBIC,HBN,,17.6,M
sub-NDARJT064LRE,ses-HBNsiteRU,HBN,,17.5,F
sub-NDARKK000PNQ,ses-HBNsiteRU,HBN,,17.6,F
sub-NDARTD624AF9,ses-HBNsiteRU,HBN,,17.1,M
sub-NDARUT651WFC,ses-HBNsiteCBIC,HBN,,17.5,F
sub-HCD2957277,ses-01,HCP-D,,17.4,F
sub-P0008,ses-01,PING,,17.5,M
sub-P0157,ses-01,PING,,17.4,F
sub-P0758,ses-01,PING,,17.6,M
sub-548074,ses-34mo,BCP,,2.83,
sub-548074,ses-34mo,BCP,,2.83,
sub-657965,ses-10mo,BCP,,0.83,
sub-657965,ses-10mo,BCP,,0.83,
sub-657965,ses-25mo,BCP,,2.08,
sub-657965,ses-25mo,BCP,,2.08,
sub-657965,ses-13mo,BCP,,1.08,
sub-657965,ses-13mo,BCP,,1.08,
sub-657965,ses-16mo,BCP,,1.33,
sub-657965,ses-16mo,BCP,,1.33,
sub-657965,ses-20mo,BCP,,1.67,
sub-657965,ses-20mo,BCP,,1.67,
sub-657965,ses-22mo,BCP,,1.83,
sub-657965,ses-22mo,BCP,,1.83,
sub-868724,ses-2mo,BCP,,0.17,
sub-868724,ses-2mo,BCP,,0.17,
sub-868724,ses-32mo,BCP,,2.67,
sub-868724,ses-32mo,BCP,,2.67,
sub-868724,ses-26mo,BCP,,2.17,
sub-868724,ses-26mo,BCP,,2.17,
sub-868724,ses-38mo,BCP,,3.17,
sub-868724,ses-38mo,BCP,,3.17,
sub-868724,ses-20mo,BCP,,1.67,
sub-868724,ses-20mo,BCP,,1.67,
sub-868724,ses-14mo,BCP,,1.17,
sub-868724,ses-14mo,BCP,,1.17,
sub-868724,ses-12mo,BCP,,1.0,
sub-868724,ses-12mo,BCP,,1.0,
sub-826360,ses-35mo,BCP,,2.92,
sub-826360,ses-29mo,BCP,,2.42,
sub-826360,ses-29mo,BCP,,2.42,
sub-826360,ses-17mo,BCP,,1.42,
sub-826360,ses-23mo,BCP,,1.92,
sub-826360,ses-23mo,BCP,,1.92,
sub-816406,ses-38mo,BCP,,3.17,
sub-816406,ses-34mo,BCP,,2.83,
sub-816406,ses-34mo,BCP,,2.83,
sub-706050,ses-26mo,BCP,,2.17,
sub-706050,ses-26mo,BCP,,2.17,
sub-706050,ses-20mo,BCP,,1.67,
sub-294064,ses-16mo,BCP,,1.33,
sub-294064,ses-16mo,BCP,,1.33,
sub-294064,ses-34mo,BCP,,2.83,
sub-294064,ses-34mo,BCP,,2.83,
sub-294064,ses-25mo,BCP,,2.08,
sub-294064,ses-25mo,BCP,,2.08,
sub-777598,ses-25mo,BCP,,2.08,
sub-777598,ses-25mo,BCP,,2.08,
sub-777598,ses-19mo,BCP,,1.58,
sub-777598,ses-19mo,BCP,,1.58,
sub-266437,ses-36mo,BCP,,3.0,
sub-266437,ses-36mo,BCP,,3.0,
sub-266437,ses-30mo,BCP,,2.5,
sub-266437,ses-30mo,BCP,,2.5,
sub-266437,ses-18mo,BCP,,1.5,
sub-266437,ses-18mo,BCP,,1.5,
sub-764612,ses-28mo,BCP,,2.33,
sub-764612,ses-28mo,BCP,,2.33,
sub-764612,ses-16mo,BCP,,1.33,
sub-764612,ses-16mo,BCP,,1.33,
sub-354046,ses-42mo,BCP,,3.5,
sub-354046,ses-42mo,BCP,,3.5,
sub-040221,ses-55mo,BCP,,4.58,
sub-040221,ses-55mo,BCP,,4.58,
sub-040221,ses-42mo,BCP,,3.5,
sub-040221,ses-42mo,BCP,,3.5,
sub-576112,ses-36mo,BCP,,3.0,
sub-576112,ses-36mo,BCP,,3.0,
sub-576112,ses-24mo,BCP,,2.0,
sub-576112,ses-24mo,BCP,,2.0,
sub-576112,ses-42mo,BCP,,3.5,
sub-576112,ses-42mo,BCP,,3.5,
sub-617942,ses-37mo,BCP,,3.08,
sub-617942,ses-37mo,BCP,,3.08,
sub-617942,ses-19mo,BCP,,1.58,
sub-617942,ses-19mo,BCP,,1.58,
sub-617942,ses-25mo,BCP,,2.08,
sub-617942,ses-25mo,BCP,,2.08,
sub-368252,ses-44mo,BCP,,3.67,
sub-368252,ses-44mo,BCP,,3.67,
sub-601017,ses-26mo,BCP,,2.17,
sub-601017,ses-19mo,BCP,,1.58,
sub-601017,ses-19mo,BCP,,1.58,
sub-601017,ses-32mo,BCP,,2.67,
sub-601017,ses-32mo,BCP,,2.67,
sub-601017,ses-43mo,BCP,,3.58,
sub-601017,ses-43mo,BCP,,3.58,
sub-495169,ses-37mo,BCP,,3.08,
sub-495169,ses-37mo,BCP,,3.08,
sub-439967,ses-42mo,BCP,,3.5,
sub-439967,ses-42mo,BCP,,3.5,
sub-439967,ses-55mo,BCP,,4.58,
sub-439967,ses-55mo,BCP,,4.58,
sub-862498,ses-42mo,BCP,,3.5,
sub-862498,ses-42mo,BCP,,3.5,
sub-125105,ses-49mo,BCP,,4.08,
sub-125105,ses-49mo,BCP,,4.08,
sub-418009,ses-53mo,BCP,,4.42,
sub-418009,ses-53mo,BCP,,4.42,
sub-418009,ses-65mo,BCP,,5.42,
sub-418009,ses-65mo,BCP,,5.42,
sub-404835,ses-52mo,BCP,,4.33,
sub-404835,ses-52mo,BCP,,4.33,
sub-404835,ses-65mo,BCP,,5.42,
sub-404835,ses-65mo,BCP,,5.42,
sub-832130,ses-55mo,BCP,,4.58,
sub-832130,ses-55mo,BCP,,4.58,
sub-710562,ses-52mo,BCP,,4.33,
sub-730727,ses-56mo,BCP,,4.67,
sub-730727,ses-56mo,BCP,,4.67,
sub-270471,ses-54mo,BCP,,4.5,
sub-270471,ses-54mo,BCP,,4.5,
sub-P0458,ses-01,PING,,4.5,F
sub-P0709,ses-01,PING,,4.6,F
sub-P1426,ses-01,PING,,4.1,F
sub-0050480,ses-01,ABIDE,USM,29.1,M
sub-HCA9750290,ses-01,HCP-A,,36.5,F
sub-HCA7715581,ses-01,HCP-A,,36.2,F
sub-HCA6053758,ses-01,HCP-A,,36.4,F
sub-HCA7541675,ses-01,HCP-A,,36.5,F
sub-HCA7410559,ses-01,HCP-A,,36.8,M
sub-HCA8038772,ses-01,HCP-A,,36.1,M
sub-HCA6018857,ses-01,HCP-A,,36.3,F
sub-HCA6792190,ses-01,HCP-A,,36.8,M
sub-HCA8793607,ses-01,HCP-A,,36.2,F
sub-HCA9549297,ses-01,HCP-A,,36.2,F
sub-HCA6337974,ses-01,HCP-A,,37.2,F
sub-HCA8066676,ses-01,HCP-A,,37.7,M
sub-HCA6924080,ses-01,HCP-A,,37.9,F
sub-HCA7745994,ses-01,HCP-A,,37.1,F
sub-HCA6471675,ses-01,HCP-A,,37.6,F
sub-HCA7226566,ses-01,HCP-A,,37.5,F
sub-HCA6409165,ses-01,HCP-A,,37.2,M
sub-HCA8927501,ses-01,HCP-A,,37.5,F
sub-HCA9319280,ses-01,HCP-A,,37.4,F
sub-HCA9761801,ses-01,HCP-A,,38.3,M
sub-HCA9866310,ses-01,HCP-A,,38.3,F
sub-HCA6725377,ses-01,HCP-A,,38.2,F
sub-HCA6766290,ses-01,HCP-A,,38.4,M
sub-HCA6773691,ses-01,HCP-A,,38.2,F
sub-HCA6947294,ses-01,HCP-A,,38.2,M
sub-HCA7963196,ses-01,HCP-A,,38.8,M
sub-HCA8476190,ses-01,HCP-A,,38.5,F
sub-HCA7910680,ses-01,HCP-A,,38.7,F
sub-HCA6110138,ses-01,HCP-A,,38.1,F
sub-HCA8358285,ses-01,HCP-A,,39.4,F
sub-HCA7605978,ses-01,HCP-A,,39.4,M
sub-HCA6139970,ses-01,HCP-A,,39.2,F
sub-HCA6670479,ses-01,HCP-A,,39.8,M
sub-HCA8219877,ses-01,HCP-A,,39.1,F
sub-HCA6606571,ses-01,HCP-A,,39.1,F
sub-HCA8335778,ses-01,HCP-A,,38.5,M
sub-0051477,ses-01,ABIDE,Caltech,42.5,M
sub-0050529,ses-01,ABIDE,USM,42.3,M
sub-HCA9739808,ses-01,HCP-A,,42.1,F
sub-HCA7492991,ses-01,HCP-A,,42.6,M
sub-0051475,ses-01,ABIDE,Caltech,44.2,M
sub-0051490,ses-01,ABIDE,Caltech,44.1,M
sub-0051469,ses-01,ABIDE,Caltech,45.1,M
sub-HCA8597405,ses-01,HCP-A,,45.9,F
sub-HCA7664792,ses-01,HCP-A,,46.8,M
sub-HCA9166786,ses-01,HCP-A,,46.5,M
sub-HCA9745500,ses-01,HCP-A,,47.7,M
sub-HCA8596403,ses-01,HCP-A,,47.1,M
sub-HCA6749088,ses-01,HCP-A,,47.9,F
sub-HCA6119257,ses-01,HCP-A,,47.4,F
sub-HCA6576689,ses-01,HCP-A,,48.1,M
sub-HCA7181873,ses-01,HCP-A,,48.6,F
sub-HCA6585084,ses-01,HCP-A,,49.9,F
sub-HCA6326767,ses-01,HCP-A,,49.4,M
sub-HCA9247483,ses-01,HCP-A,,49.1,M
sub-0050526,ses-01,ABIDE,USM,50.2,M
sub-HCA9614484,ses-01,HCP-A,,52.2,M
sub-HCA7195884,ses-01,HCP-A,,57.8,M
sub-HCA6117051,ses-01,HCP-A,,57.4,F
sub-HCA6967199,ses-01,HCP-A,,57.8,M
sub-HCA8980404,ses-01,HCP-A,,57.2,M
sub-HCA8368490,ses-01,HCP-A,,60.9,F
sub-HCA8587705,ses-01,HCP-A,,60.8,F
sub-HCA9559806,ses-01,HCP-A,,60.8,M
sub-HCA6054457,ses-01,HCP-A,,62.5,M
sub-HCA8623581,ses-01,HCP-A,,64.8,M
sub-HCA8529892,ses-01,HCP-A,,65.3,M
sub-HCA8239378,ses-01,HCP-A,,65.2,M
sub-HCA6249977,ses-01,HCP-A,,66.9,M
sub-HCA7415973,ses-01,HCP-A,,67.1,M
sub-HCA8620979,ses-01,HCP-A,,70.8,F
sub-HCA9058682,ses-01,HCP-A,,70.9,M
sub-HCA9170373,ses-01,HCP-A,,70.8,F
sub-HCA9717999,ses-01,HCP-A,,71.8,F
sub-HCA9743900,ses-01,HCP-A,,71.5,F
sub-HCA7997113,ses-01,HCP-A,,71.2,F
sub-HCA6595794,ses-01,HCP-A,,71.9,M
sub-HCA7452575,ses-01,HCP-A,,71.5,F
sub-HCA7536884,ses-01,HCP-A,,72.2,F
sub-HCA7155973,ses-01,HCP-A,,72.4,F
sub-HCA6317665,ses-01,HCP-A,,73.2,M
sub-HCA7700265,ses-01,HCP-A,,74.6,M
sub-HCA8134667,ses-01,HCP-A,,74.2,F
sub-HCA6559184,ses-01,HCP-A,,76.4,F
sub-HCA7607477,ses-01,HCP-A,,81.1,F
sub-HCA6605569,ses-01,HCP-A,,82.7,F
sub-HCA7329374,ses-01,HCP-A,,83.5,M
sub-HCA7620469,ses-01,HCP-A,,84.9,M
sub-HCA7245267,ses-01,HCP-A,,85.8,M
sub-HCA9202057,ses-01,HCP-A,,85.5,F
sub-HCA9300057,ses-01,HCP-A,,85.1,F
sub-HCA6635679,ses-01,HCP-A,,86.1,M
sub-HCA9386902,ses-01,HCP-A,,87.2,F
sub-NDARWV195ARK,ses-01,Infant_label,,0.25,
sub-NDARLA922GUF,ses-01,Infant_label,,0.08,
sub-NDARXL747XGN,ses-01,Infant_label,,0.0,
sub-NDARLL402NPX,ses-01,Infant_label,,0.25,
sub-5939068610,ses-V02,HBCD,,0.05,M
sub-NDARZB928WJ0,ses-01,Infant_label,,0.0,
sub-NDARDN570UL0,ses-01,Infant_label,,0.08,
sub-8820274609,ses-V02,HBCD,,0.11,F
sub-NDARHM416CF7,ses-01,Infant_label,,0.25,
sub-6636629830,ses-V02,HBCD,,0.22,M
sub-NDARDA560JEL,ses-01,Infant_label,,0.17,
sub-1287987271,ses-V02,HBCD,,0.11,F
sub-1515679575,ses-V02,HBCD,,0.07,M
sub-116845,ses-3mo,BCP,,0.25,
sub-3966342286,ses-V02,HBCD,,0.1,M
sub-5267307641,ses-V02,HBCD,,0.14,F
sub-787525,ses-3mo,BCP,,0.25,
sub-NDARCZ993EGH,ses-01,Infant_label,,0.17,
sub-5069136592,ses-V02,HBCD,,0.2,F
sub-NDARINVCZ009MCY,ses-01,Infant_label,,0.25,
sub-1660241032,ses-V02,HBCD,,0.07,F
sub-381606,ses-2mo,BCP,,0.17,
sub-NDARXU647WMQ,ses-01,Infant_label,,0.08,
sub-NDARRV605CPU,ses-01,Infant_label,,0.0,
sub-NDARPP227HVV,ses-01,Infant_label,,0.08,
sub-NDARINVZD082UGR,ses-02,Infant_label,,0.5,
sub-726893,ses-5mo,BCP,,0.42,
sub-NDARRC747DHC,ses-01,Infant_label,,0.5,
sub-NDARTJ499FRY,ses-01,Infant_label,,0.42,
sub-536428,ses-6mo,BCP,,0.5,
sub-NDARNP691RXQ,ses-01,Infant_label,,0.5,
sub-960758,ses-5mo,BCP,,0.42,
sub-387247,ses-5mo,BCP,,0.42,
sub-NDARLP748YGA,ses-01,Infant_label,,0.42,
sub-NDARDW005WR0,ses-01,Infant_label,,0.5,
sub-3091034011,ses-V03,HBCD,,0.39,F
sub-NDARZH135EHM,ses-01,Infant_label,,0.5,
sub-NDARINVTG272BZV,ses-01,Infant_label,,0.5,
sub-NDARXW388CE8,ses-01,Infant_label,,0.5,
sub-NDARDL523RHE,ses-01,Infant_label,,0.5,
sub-NDARDY188YVQ,ses-01,Infant_label,,0.42,
sub-NDARINVMP391NRH,ses-01,Infant_label,,0.5,
sub-NDARTC711LGP,ses-01,Infant_label,,0.5,
sub-NDAREU779VE7,ses-01,Infant_label,,0.5,
sub-NDARZU963BA3,ses-01,Infant_label,,0.5,
sub-NDAREW235CLH,ses-01,Infant_label,,0.5,
sub-NDARINVYW422GYR,ses-01,Infant_label,,0.33,
sub-NDARVZ447THP,ses-02,Infant_label,,0.5,
sub-621289,ses-6mo,BCP,,0.5,
sub-NDARRW277CW7,ses-01,Infant_label,,0.33,
sub-231205,ses-7mo,BCP,,0.58,
sub-NDARDJ339YD7,ses-02,Infant_label,,0.67,
sub-NDARUD161XEG,ses-02,Infant_label,,0.58,
sub-NDARWT634NGB,ses-01,Infant_label,,0.67,
sub-NDARINVGC475WNG,ses-02,Infant_label,,0.67,
sub-939785,ses-9mo,BCP,,0.75,
sub-NDARINVCT102ZYH,ses-01,Infant_label,,0.75,
sub-NDARND506DP8,ses-02,Infant_label,,0.58,
sub-NDARINVBP797JKD,ses-01,Infant_label,,0.58,
sub-NDARINVHG559FEK,ses-02,Infant_label,,0.75,
sub-NDARPZ158EX7,ses-02,Infant_label,,0.58,
sub-NDARBL409YNR,ses-01,Infant_label,,0.58,
sub-NDARRC747DHC,ses-02,Infant_label,,0.58,
sub-NDARNM892JVM,ses-01,Infant_label,,0.58,
sub-710922,ses-7mo,BCP,,0.58,
sub-NDARNM971TL1,ses-01,Infant_label,,0.58,
sub-125632,ses-7mo,BCP,,0.58,
sub-NDARBB632JL3,ses-02,Infant_label,,0.58,
sub-NDAREW235CLH,ses-02,Infant_label,,0.58,
sub-NDARHZ541RDL,ses-01,Infant_label,,0.75,
sub-NDARXM218NAC,ses-02,Infant_label,,0.58,
sub-NDARYN084GFN,ses-02,Infant_label,,0.75,
sub-NDARNH839UHH,ses-01,Infant_label,,0.58,
sub-NDARUC075UUD,ses-01,Infant_label,,0.58,
sub-960370,ses-7mo,BCP,,0.58,
sub-NDARZG028JGL,ses-02,Infant_label,,0.83,
sub-683099,ses-12mo,BCP,,1.0,
sub-NDAREF500GAH,ses-03,Infant_label,,1.0,
sub-868724,ses-12mo,BCP,,1.0,
sub-NDARTP024JG4,ses-02,Infant_label,,1.0,
sub-NDARXW388CE8,ses-02,Infant_label,,1.0,
sub-NDARINVWA251UZG,ses-01,Infant_label,,1.0,
sub-NDARCU268BBM,ses-01,Infant_label,,1.0,
sub-NDARDK533RGT,ses-01,Infant_label,,0.83,
sub-NDARYF807KB3,ses-02,Infant_label,,1.0,
sub-NDARCR501GYV,ses-01,Infant_label,,0.92,
sub-597306,ses-12mo,BCP,,1.0,
sub-NDARGM887UVK,ses-01,Infant_label,,1.0,
sub-NDARPL753EDL,ses-02,Infant_label,,1.0,
sub-505926,ses-11mo,BCP,,0.92,
sub-NDARWJ667VDK,ses-02,Infant_label,,1.0,
sub-NDARJH535KKF,ses-01,Infant_label,,0.92,
sub-690434,ses-10mo,BCP,,0.83,
sub-469900,ses-11mo,BCP,,0.92,
sub-NDARKA071MBY,ses-01,Infant_label,,1.0,
sub-NDARKP019YGV,ses-01,Infant_label,,1.0,
sub-NDARTL359HEA,ses-01,Infant_label,,1.0,
sub-NDARRT015GYJ,ses-03,Infant_label,,1.0,
sub-800807,ses-10mo,BCP,,0.83,
sub-NDARKT433PTA,ses-01,Infant_label,,1.0,
sub-NDARNT856UE5,ses-02,Infant_label,,1.08,
sub-800807,ses-13mo,BCP,,1.08,
sub-NDARPU827HHU,ses-01,Infant_label,,1.08,
sub-759162,ses-17mo,BCP,,1.42,
sub-320544,ses-13mo,BCP,,1.08,
sub-NDARRV605CPU,ses-02,Infant_label,,1.17,
sub-NDARPZ158EX7,ses-03,Infant_label,,1.08,
sub-100619,ses-15mo,BCP,,1.25,
sub-218663,ses-18mo,BCP,,1.5,
sub-NDARWH237YUH,ses-02,Infant_label,,1.17,
sub-340476,ses-16mo,BCP,,1.33,
sub-NDARDD037BE3,ses-02,Infant_label,,1.08,
sub-NDARTL359HEA,ses-02,Infant_label,,1.08,
sub-439083,ses-13mo,BCP,,1.08,
sub-NDARYZ742EKT,ses-01,Infant_label,,1.08,
sub-NDARUL007NB1,ses-02,Infant_label,,1.08,
sub-NDARZM476BAG,ses-02,Infant_label,,1.08,
sub-799959,ses-13mo,BCP,,1.08,
sub-NDARJP508CEX,ses-02,Infant_label,,1.08,
sub-NDARTN423DVP,ses-01,Infant_label,,1.08,
sub-NDARZD537FAP,ses-03,Infant_label,,1.08,
sub-NDARZD627BGE,ses-01,Infant_label,,1.08,
sub-NDARINVJU425XP1,ses-01,Infant_label,,1.17,
sub-NDARNH515DML,ses-01,Infant_label,,1.25,
sub-011228,ses-15mo,BCP,,1.25,
sub-NDARXE596UN9,ses-02,Infant_label,,1.17,
sub-NDARZT967CFU,ses-02,Infant_label,,1.08,
sub-NDARER121PJW,ses-03,Infant_label,,1.08,
sub-932286,ses-13mo,BCP,,1.08,
sub-NDARKU892FWP,ses-02,Infant_label,,1.08,
sub-NDARTH951CHZ,ses-03,Infant_label,,1.25,
sub-NDARLC279WNK,ses-02,Infant_label,,1.42,
sub-NDARVT495FJF,ses-04,Infant_label,,1.08,
sub-NDARBH853VBF,ses-01,Infant_label,,1.08,
sub-284149,ses-16mo,BCP,,1.33,
sub-NDARKT433PTA,ses-02,Infant_label,,1.08,
sub-NDARTR856EJ1,ses-01,Infant_label,,1.08,
sub-243511,ses-13mo,BCP,,1.08,
sub-NDAREH445URD,ses-03,Infant_label,,1.5,
sub-418793,ses-18mo,BCP,,1.5,
sub-NDARVG143JFY,ses-01,Infant_label,,1.17,
sub-736609,ses-17mo,BCP,,1.42,
sub-NDARZA473NX6,ses-01,Infant_label,,1.08,
sub-NDARCB319RVD,ses-02,Infant_label,,1.08,
sub-197622,ses-18mo,BCP,,1.5,
sub-621289,ses-15mo,BCP,,1.25,
sub-907729,ses-14mo,BCP,,1.17,
sub-706655,ses-18mo,BCP,,1.5,
sub-NDARUH257GJW,ses-02,Infant_label,,1.08,
sub-251549,ses-16mo,BCP,,1.33,
sub-826360,ses-29mo,BCP,,2.42,
sub-NDARBH853VBF,ses-02,Infant_label,,2.08,
sub-NDARNY988WYW,ses-02,Infant_label,,2.08,
sub-NDARXZ329PUF,ses-03,Infant_label,,2.0,
sub-NDAREV478LB6,ses-03,Infant_label,,2.0,
sub-NDARLW544RL4,ses-02,Infant_label,,2.0,
sub-NDARGM939XL3,ses-04,Infant_label,,2.17,
sub-NDARXX358WAK,ses-02,Infant_label,,2.17,
sub-NDARVE554CEB,ses-02,Infant_label,,2.0,
sub-NDARXD775EGY,ses-03,Infant_label,,2.0,
sub-NDARTH951CHZ,ses-05,Infant_label,,2.0,
sub-NDARMV302HA6,ses-03,Infant_label,,2.08,
sub-NDARGM887UVK,ses-02,Infant_label,,2.08,
sub-NDARDY973WEL,ses-01,Infant_label,,2.58,
sub-NDARGL681CLN,ses-05,Infant_label,,1.92,
sub-NDARDZ042NCD,ses-04,Infant_label,,2.0,
sub-908191,ses-28mo,BCP,,2.33,
sub-NDARRV704BY8,ses-03,Infant_label,,2.0,
sub-NDARTL359HEA,ses-03,Infant_label,,1.92,
sub-NDARZP225AYN,ses-01,Infant_label,,2.08,
sub-826360,ses-23mo,BCP,,1.92,
sub-NDARJC245WXB,ses-03,Infant_label,,2.17,
sub-NDARVY244UP1,ses-02,Infant_label,,1.92,
sub-493610,ses-19mo,BCP,,1.58,
sub-NDARTM275PVJ,ses-01,Infant_label,,1.67,
sub-NDARXZ550LD5,ses-03,Infant_label,,2.08,
sub-185373,ses-26mo,BCP,,2.17,
sub-NDARWU227HF9,ses-02,Infant_label,,2.25,
sub-NDARGH549DGG,ses-02,Infant_label,,2.0,
sub-NDARBB377MXR,ses-03,Infant_label,,2.08,
sub-NDARINVMJ688GPE,ses-04,Infant_label,,2.0,
sub-NDARINVEY922MLE,ses-02,Infant_label,,2.0,
sub-NDARPB482FAR,ses-05,Infant_label,,2.17,
sub-NDARTJ283VYP,ses-02,Infant_label,,2.0,
sub-NDARINVPM599HRY,ses-05,Infant_label,,2.0,
sub-NDARINVFK938AT9,ses-02,Infant_label,,2.0,
sub-986700,ses-44mo,BCP,,3.67,
sub-NDARAH962RW4,ses-04,Infant_label,,2.08,
sub-107842,ses-19mo,BCP,,1.58,
sub-NDARGP309YCF,ses-03,Infant_label,,2.0,
sub-863856,ses-28mo,BCP,,2.33,
sub-NDARTH454EF8,ses-02,Infant_label,,2.08,
sub-NDARBA417BTP,ses-02,Infant_label,,2.0,
sub-583494,ses-32mo,BCP,,2.67,
sub-764726,ses-26mo,BCP,,2.17,
sub-NDARKL520LXY,ses-01,Infant_label,,2.0,
sub-437532,ses-36mo,BCP,,3.0,
sub-NDARFP878GT9,ses-02,Infant_label,,2.17,
sub-NDARBY606JTA,ses-01,Infant_label,,4.08,
sub-NDARCU268BBM,ses-02,Infant_label,,2.0,
